,id,name,cost,position,home_team,away_team,kickoff_time,is_home,team_x
0,1,Folarin Balogun,44,FWD,Bournemouth,Arsenal,2023-09-30T14:00:00Z,False,Arsenal
1,2,Cédric Alves Soares,39,DEF,Bournemouth,Arsenal,2023-09-30T14:00:00Z,False,Arsenal
2,3,Mohamed Elneny,44,MID,Bournemouth,Arsenal,2023-09-30T14:00:00Z,False,Arsenal
3,4,Fábio Ferreira Vieira,54,MID,Bournemouth,Arsenal,2023-09-30T14:00:00Z,False,Arsenal
4,5,Gabriel dos Santos Magalhães,47,DEF,Bournemouth,Arsenal,2023-09-30T14:00:00Z,False,Arsenal
5,6,Kai Havertz,71,MID,Bournemouth,Arsenal,2023-09-30T14:00:00Z,False,Arsenal
6,8,Gabriel Fernando de Jesus,80,FWD,Bournemouth,Arsenal,2023-09-30T14:00:00Z,False,Arsenal
7,9,Jorge Luiz Frello Filho,54,MID,Bournemouth,Arsenal,2023-09-30T14:00:00Z,False,Arsenal
8,10,Jakub Kiwior,44,DEF,Bournemouth,Arsenal,2023-09-30T14:00:00Z,False,Arsenal
9,11,Marcus Oliveira Alencar,45,MID,Bournemouth,Arsenal,2023-09-30T14:00:00Z,False,Arsenal
10,12,Gabriel Martinelli Silva,77,MID,Bournemouth,Arsenal,2023-09-30T14:00:00Z,False,Arsenal
11,13,Eddie Nketiah,55,FWD,Bournemouth,Arsenal,2023-09-30T14:00:00Z,False,Arsenal
12,14,Martin Ødegaard,85,MID,Bournemouth,Arsenal,2023-09-30T14:00:00Z,False,Arsenal
13,15,Thomas Partey,48,MID,Bournemouth,Arsenal,2023-09-30T14:00:00Z,False,Arsenal
14,16,Nicolas Pépé,49,MID,Bournemouth,Arsenal,2023-09-30T14:00:00Z,False,Arsenal
15,17,Aaron Ramsdale,49,GKP,Bournemouth,Arsenal,2023-09-30T14:00:00Z,False,Arsenal
16,18,Rúnar Alex Rúnarsson,40,GKP,Bournemouth,Arsenal,2023-09-30T14:00:00Z,False,Arsenal
17,19,Bukayo Saka,87,MID,Bournemouth,Arsenal,2023-09-30T14:00:00Z,False,Arsenal
18,20,William Saliba,52,DEF,Bournemouth,Arsenal,2023-09-30T14:00:00Z,False,Arsenal
19,22,Emile Smith Rowe,53,MID,Bournemouth,Arsenal,2023-09-30T14:00:00Z,False,Arsenal
20,24,Kieran Tierney,44,DEF,Bournemouth,Arsenal,2023-09-30T14:00:00Z,False,Arsenal
21,25,Takehiro Tomiyasu,45,DEF,Bournemouth,Arsenal,2023-09-30T14:00:00Z,False,Arsenal
22,26,Leandro Trossard,66,MID,Bournemouth,Arsenal,2023-09-30T14:00:00Z,False,Arsenal
23,29,Benjamin White,55,DEF,Bournemouth,Arsenal,2023-09-30T14:00:00Z,False,Arsenal
24,30,Granit Xhaka,60,MID,Bournemouth,Arsenal,2023-09-30T14:00:00Z,False,Arsenal
25,31,Oleksandr Zinchenko,49,DEF,Bournemouth,Arsenal,2023-09-30T14:00:00Z,False,Arsenal
26,113,David Raya Martin,48,GKP,Bournemouth,Arsenal,2023-09-30T14:00:00Z,False,Arsenal
27,540,Declan Rice,54,MID,Bournemouth,Arsenal,2023-09-30T14:00:00Z,False,Arsenal
28,578,Reiss Nelson,49,MID,Bournemouth,Arsenal,2023-09-30T14:00:00Z,False,Arsenal
29,585,Jurriën Timber,47,DEF,Bournemouth,Arsenal,2023-09-30T14:00:00Z,False,Arsenal
30,646,Karl Hein,40,GKP,Bournemouth,Arsenal,2023-09-30T14:00:00Z,False,Arsenal
31,735,Charles Sagoe,45,MID,Liverpool,Arsenal,2023-12-23T17:30:00Z,False,Arsenal
32,736,Reuell Walters,40,DEF,Liverpool,Arsenal,2023-12-23T17:30:00Z,False,Arsenal
33,737,Bradley Ibrahim,45,MID,Liverpool,Arsenal,2023-12-23T17:30:00Z,False,Arsenal
34,764,Myles Lewis-Skelly,45,MID,Arsenal,Liverpool,2024-02-04T16:30:00Z,True,Arsenal
35,772,Ethan Nwaneri,45,MID,Burnley,Arsenal,2024-02-17T15:00:00Z,False,Arsenal
36,815,Mauro Bandeira,45,MID,Arsenal,Luton,2024-04-03T18:30:00Z,True,Arsenal
37,817,James Sweet,40,DEF,Brighton,Arsenal,2024-04-06T16:30:00Z,False,Arsenal
38,32,Alexandre Moreno Lopera,50,DEF,Aston Villa,Brighton,2023-09-30T11:30:00Z,True,Aston Villa
39,34,Leon Bailey,55,MID,Aston Villa,Brighton,2023-09-30T11:30:00Z,True,Aston Villa
40,35,Emiliano Buendía Stati,58,MID,Aston Villa,Brighton,2023-09-30T11:30:00Z,True,Aston Villa
41,36,Matty Cash,48,DEF,Aston Villa,Brighton,2023-09-30T11:30:00Z,True,Aston Villa
42,37,Calum Chambers,39,DEF,Aston Villa,Brighton,2023-09-30T11:30:00Z,True,Aston Villa
43,38,Philippe Coutinho Correia,58,MID,Aston Villa,Brighton,2023-09-30T11:30:00Z,True,Aston Villa
44,39,Keinan Davis,49,FWD,Aston Villa,Brighton,2023-09-30T11:30:00Z,True,Aston Villa
45,40,Leander Dendoncker,49,MID,Aston Villa,Brighton,2023-09-30T11:30:00Z,True,Aston Villa
46,41,Diego Carlos Santos Silva,44,DEF,Aston Villa,Brighton,2023-09-30T11:30:00Z,True,Aston Villa
47,42,Lucas Digne,46,DEF,Aston Villa,Brighton,2023-09-30T11:30:00Z,True,Aston Villa
48,43,Douglas Luiz Soares de Paulo,54,MID,Aston Villa,Brighton,2023-09-30T11:30:00Z,True,Aston Villa
49,44,Jhon Durán,50,FWD,Aston Villa,Brighton,2023-09-30T11:30:00Z,True,Aston Villa
50,45,Kortney Hause,40,DEF,Aston Villa,Brighton,2023-09-30T11:30:00Z,True,Aston Villa
51,46,Tim Iroegbunam,44,MID,Aston Villa,Brighton,2023-09-30T11:30:00Z,True,Aston Villa
52,47,Boubacar Kamara,50,MID,Aston Villa,Brighton,2023-09-30T11:30:00Z,True,Aston Villa
53,48,Ezri Konsa Ngoyo,45,DEF,Aston Villa,Brighton,2023-09-30T11:30:00Z,True,Aston Villa
54,49,Emiliano Martínez Romero,49,GKP,Aston Villa,Brighton,2023-09-30T11:30:00Z,True,Aston Villa
55,50,John McGinn,55,MID,Aston Villa,Brighton,2023-09-30T11:30:00Z,True,Aston Villa
56,51,Tyrone Mings,42,DEF,Aston Villa,Brighton,2023-09-30T11:30:00Z,True,Aston Villa
57,53,Robin Olsen,40,GKP,Aston Villa,Brighton,2023-09-30T11:30:00Z,True,Aston Villa
58,54,Jaden Philogene-Bidace,45,MID,Aston Villa,Brighton,2023-09-30T11:30:00Z,True,Aston Villa
59,55,Jacob Ramsey,59,MID,Aston Villa,Brighton,2023-09-30T11:30:00Z,True,Aston Villa
60,56,Morgan Sanson,45,MID,Aston Villa,Brighton,2023-09-30T11:30:00Z,True,Aston Villa
61,57,Viljami Sinisalo,40,GKP,Aston Villa,Brighton,2023-09-30T11:30:00Z,True,Aston Villa
62,58,Youri Tielemans,57,MID,Aston Villa,Brighton,2023-09-30T11:30:00Z,True,Aston Villa
63,59,Bertrand Traoré,50,MID,Aston Villa,Brighton,2023-09-30T11:30:00Z,True,Aston Villa
64,60,Ollie Watkins,79,FWD,Aston Villa,Brighton,2023-09-30T11:30:00Z,True,Aston Villa
65,61,Wesley Moraes Ferreira da Silva,50,FWD,Aston Villa,Brighton,2023-09-30T11:30:00Z,True,Aston Villa
66,584,Pau Torres,45,DEF,Aston Villa,Brighton,2023-09-30T11:30:00Z,True,Aston Villa
67,599,Moussa Diaby,67,MID,Aston Villa,Brighton,2023-09-30T11:30:00Z,True,Aston Villa
68,618,Omari Kellyman,45,MID,Aston Villa,Brighton,2023-09-30T11:30:00Z,True,Aston Villa
69,670,Filip Marschall,40,GKP,Wolves,Aston Villa,2023-10-08T13:00:00Z,False,Aston Villa
70,672,Nicolò Zaniolo,55,MID,Aston Villa,West Ham,2023-10-22T15:30:00Z,True,Aston Villa
71,686,Oliwier Zych,40,GKP,Aston Villa,West Ham,2023-10-22T15:30:00Z,True,Aston Villa
72,699,Clément Lenglet,45,DEF,Aston Villa,Luton,2023-10-29T14:00:00Z,True,Aston Villa
73,765,Sam Proctor,40,GKP,Sheffield Utd,Aston Villa,2024-02-03T17:30:00Z,False,Aston Villa
74,767,Tommi O'Reilly,45,MID,Aston Villa,Man Utd,2024-02-11T16:30:00Z,True,Aston Villa
75,778,James Wright,40,GKP,Luton,Aston Villa,2024-03-02T17:30:00Z,False,Aston Villa
76,793,Kaine Kesler-Hayden,40,DEF,Aston Villa,Spurs,2024-03-10T13:00:00Z,True,Aston Villa
77,803,Morgan Rogers,50,MID,West Ham,Aston Villa,2024-03-17T14:00:00Z,False,Aston Villa
78,818,Joe Gauci,39,GKP,Man City,Aston Villa,2024-04-03T19:15:00Z,False,Aston Villa
79,62,Jaidon Anthony,49,MID,Bournemouth,Arsenal,2023-09-30T14:00:00Z,True,Bournemouth
80,63,Philip Billing,53,MID,Bournemouth,Arsenal,2023-09-30T14:00:00Z,True,Bournemouth
81,64,David Brooks,49,MID,Bournemouth,Arsenal,2023-09-30T14:00:00Z,True,Bournemouth
82,65,Ryan Christie,50,MID,Bournemouth,Arsenal,2023-09-30T14:00:00Z,True,Bournemouth
83,66,Lewis Cook,50,MID,Bournemouth,Arsenal,2023-09-30T14:00:00Z,True,Bournemouth
84,67,Siriki Dembélé,45,MID,Bournemouth,Arsenal,2023-09-30T14:00:00Z,True,Bournemouth
85,68,Ryan Fredericks,44,DEF,Bournemouth,Arsenal,2023-09-30T14:00:00Z,True,Bournemouth
86,69,James Hill,40,DEF,Bournemouth,Arsenal,2023-09-30T14:00:00Z,True,Bournemouth
87,70,Lloyd Kelly,45,DEF,Bournemouth,Arsenal,2023-09-30T14:00:00Z,True,Bournemouth
88,71,Gavin Kilkenny,44,MID,Bournemouth,Arsenal,2023-09-30T14:00:00Z,True,Bournemouth
89,72,Justin Kluivert,47,MID,Bournemouth,Arsenal,2023-09-30T14:00:00Z,True,Bournemouth
90,73,Jamal Lowe,49,MID,Bournemouth,Arsenal,2023-09-30T14:00:00Z,True,Bournemouth
91,74,Emiliano Marcondes,44,MID,Bournemouth,Arsenal,2023-09-30T14:00:00Z,True,Bournemouth
92,75,Chris Mepham,43,DEF,Bournemouth,Arsenal,2023-09-30T14:00:00Z,True,Bournemouth
93,76,Kieffer Moore,48,FWD,Bournemouth,Arsenal,2023-09-30T14:00:00Z,True,Bournemouth
94,77,Norberto Murara Neto,45,GKP,Bournemouth,Arsenal,2023-09-30T14:00:00Z,True,Bournemouth
95,78,Dango Ouattara,48,MID,Bournemouth,Arsenal,2023-09-30T14:00:00Z,True,Bournemouth
96,79,Ben Pearson,45,MID,Bournemouth,Arsenal,2023-09-30T14:00:00Z,True,Bournemouth
97,80,Darren Randolph,40,GKP,Bournemouth,Arsenal,2023-09-30T14:00:00Z,True,Bournemouth
98,81,Joe Rothwell,49,MID,Bournemouth,Arsenal,2023-09-30T14:00:00Z,True,Bournemouth
99,82,Antoine Semenyo,45,FWD,Bournemouth,Arsenal,2023-09-30T14:00:00Z,True,Bournemouth
100,83,Marcos Senesi,44,DEF,Bournemouth,Arsenal,2023-09-30T14:00:00Z,True,Bournemouth
101,84,Adam Smith,44,DEF,Bournemouth,Arsenal,2023-09-30T14:00:00Z,True,Bournemouth
102,85,Dominic Solanke,64,FWD,Bournemouth,Arsenal,2023-09-30T14:00:00Z,True,Bournemouth
103,86,Marcus Tavernier,54,MID,Bournemouth,Arsenal,2023-09-30T14:00:00Z,True,Bournemouth
104,87,Hamed Traorè,48,MID,Bournemouth,Arsenal,2023-09-30T14:00:00Z,True,Bournemouth
105,88,Mark Travers,40,GKP,Bournemouth,Arsenal,2023-09-30T14:00:00Z,True,Bournemouth
106,89,Illia Zabarnyi,45,DEF,Bournemouth,Arsenal,2023-09-30T14:00:00Z,True,Bournemouth
107,595,Milos Kerkez,45,DEF,Bournemouth,Arsenal,2023-09-30T14:00:00Z,True,Bournemouth
108,607,Ionuț Radu,44,GKP,Bournemouth,Arsenal,2023-09-30T14:00:00Z,True,Bournemouth
109,619,Ben Greenwood,40,DEF,Bournemouth,Arsenal,2023-09-30T14:00:00Z,True,Bournemouth
110,643,Max Aarons,45,DEF,Bournemouth,Arsenal,2023-09-30T14:00:00Z,True,Bournemouth
111,644,Alex Scott,49,MID,Bournemouth,Arsenal,2023-09-30T14:00:00Z,True,Bournemouth
112,673,Tyler Adams,50,MID,Bournemouth,Wolves,2023-10-21T14:00:00Z,True,Bournemouth
113,705,Luis Sinisterra,55,MID,Man City,Bournemouth,2023-11-04T15:00:00Z,False,Bournemouth
114,799,Romain Faivre,50,MID,Bournemouth,Sheffield Utd,2024-03-09T15:00:00Z,True,Bournemouth
115,802,Max Kinsey,40,DEF,Bournemouth,Sheffield Utd,2024-03-09T15:00:00Z,True,Bournemouth
116,804,Enes Ünal,50,FWD,Bournemouth,Luton,2024-03-13T19:30:00Z,True,Bournemouth
117,811,Dominic Sadi,45,MID,Bournemouth,Everton,2024-03-30T15:00:00Z,True,Bournemouth
118,90,Kristoffer Ajer,45,DEF,Nott'm Forest,Brentford,2023-10-01T13:00:00Z,False,Brentford
119,91,Ellery Balcombe,40,GKP,Nott'm Forest,Brentford,2023-10-01T13:00:00Z,False,Brentford
120,92,Shandon Baptiste,44,MID,Nott'm Forest,Brentford,2023-10-01T13:00:00Z,False,Brentford
121,93,Mads Bech Sørensen,40,DEF,Nott'm Forest,Brentford,2023-10-01T13:00:00Z,False,Brentford
122,94,Mads Bidstrup,45,MID,Nott'm Forest,Brentford,2023-10-01T13:00:00Z,False,Brentford
123,95,Sergi Canós Tenés,50,MID,Nott'm Forest,Brentford,2023-10-01T13:00:00Z,False,Brentford
124,96,Nathan Collins,45,DEF,Nott'm Forest,Brentford,2023-10-01T13:00:00Z,False,Brentford
125,97,Matthew Cox,40,GKP,Nott'm Forest,Brentford,2023-10-01T13:00:00Z,False,Brentford
126,98,Mikkel Damsgaard,49,MID,Nott'm Forest,Brentford,2023-10-01T13:00:00Z,False,Brentford
127,99,Josh Dasilva,48,MID,Nott'm Forest,Brentford,2023-10-01T13:00:00Z,False,Brentford
128,100,Halil Dervişoğlu,45,FWD,Nott'm Forest,Brentford,2023-10-01T13:00:00Z,False,Brentford
129,101,Mark Flekken,45,GKP,Nott'm Forest,Brentford,2023-10-01T13:00:00Z,False,Brentford
130,102,Charlie Goode,40,DEF,Nott'm Forest,Brentford,2023-10-01T13:00:00Z,False,Brentford
131,103,Rico Henry,45,DEF,Nott'm Forest,Brentford,2023-10-01T13:00:00Z,False,Brentford
132,104,Aaron Hickey,45,DEF,Nott'm Forest,Brentford,2023-10-01T13:00:00Z,False,Brentford
133,105,Vitaly Janelt,54,MID,Nott'm Forest,Brentford,2023-10-01T13:00:00Z,False,Brentford
134,106,Mathias Jensen,54,MID,Nott'm Forest,Brentford,2023-10-01T13:00:00Z,False,Brentford
135,107,Keane Lewis-Potter,48,MID,Nott'm Forest,Brentford,2023-10-01T13:00:00Z,False,Brentford
136,108,Bryan Mbeumo,69,MID,Nott'm Forest,Brentford,2023-10-01T13:00:00Z,False,Brentford
137,109,Ben Mee,49,DEF,Nott'm Forest,Brentford,2023-10-01T13:00:00Z,False,Brentford
138,110,Christian Nørgaard,55,MID,Nott'm Forest,Brentford,2023-10-01T13:00:00Z,False,Brentford
139,111,Frank Onyeka,49,MID,Nott'm Forest,Brentford,2023-10-01T13:00:00Z,False,Brentford
140,112,Ethan Pinnock,45,DEF,Nott'm Forest,Brentford,2023-10-01T13:00:00Z,False,Brentford
141,114,Mads Roerslev Rasmussen,44,DEF,Nott'm Forest,Brentford,2023-10-01T13:00:00Z,False,Brentford
142,115,Kevin Schade,54,MID,Nott'm Forest,Brentford,2023-10-01T13:00:00Z,False,Brentford
143,116,Thomas Strakosha,39,GKP,Nott'm Forest,Brentford,2023-10-01T13:00:00Z,False,Brentford
144,117,Ivan Toney,79,FWD,Nott'm Forest,Brentford,2023-10-01T13:00:00Z,False,Brentford
145,118,Ryan Trevitt,45,MID,Nott'm Forest,Brentford,2023-10-01T13:00:00Z,False,Brentford
146,119,Yoane Wissa,60,FWD,Nott'm Forest,Brentford,2023-10-01T13:00:00Z,False,Brentford
147,120,Yegor Yarmoliuk,44,MID,Nott'm Forest,Brentford,2023-10-01T13:00:00Z,False,Brentford
148,121,Mathias Jorgensen,44,DEF,Nott'm Forest,Brentford,2023-10-01T13:00:00Z,False,Brentford
149,258,Neal Maupay,49,FWD,Nott'm Forest,Brentford,2023-10-01T13:00:00Z,False,Brentford
150,508,Sergio Reguilón,44,DEF,Brentford,Crystal Palace,2023-09-30T14:00:00Z,True,Brentford
151,620,Michael Olakigbe,45,MID,Nott'm Forest,Brentford,2023-10-01T13:00:00Z,False,Brentford
152,684,Ethan Brierley,45,MID,Brentford,Burnley,2023-10-21T14:00:00Z,True,Brentford
153,701,Saman Ghoddos,45,MID,Chelsea,Brentford,2023-10-28T11:30:00Z,False,Brentford
154,725,Ji-Soo Kim,40,DEF,Brentford,Luton,2023-12-02T15:00:00Z,True,Brentford
155,733,Valintino Adedokun,40,DEF,Brentford,Aston Villa,2023-12-17T14:00:00Z,True,Brentford
156,744,Myles Peart-Harris,45,MID,Brentford,Wolves,2023-12-27T19:30:00Z,True,Brentford
157,752,Vincent Angelini,40,GKP,Brentford,Nott'm Forest,2024-01-20T17:30:00Z,True,Brentford
158,789,Hákon Valdimarsson,40,GKP,Brentford,Chelsea,2024-03-02T15:00:00Z,True,Brentford
159,797,Benjamin Fredrick,40,DEF,Brentford,Chelsea,2024-03-02T15:00:00Z,True,Brentford
160,834,Benjamin Arthur,40,DEF,Luton,Brentford,2024-04-20T14:00:00Z,False,Brentford
161,122,Simon Adingra,50,MID,Aston Villa,Brighton,2023-09-30T11:30:00Z,False,Brighton
162,123,Steven Alzate,44,MID,Aston Villa,Brighton,2023-09-30T11:30:00Z,False,Brighton
163,124,Yasin Ayari,45,MID,Aston Villa,Brighton,2023-09-30T11:30:00Z,False,Brighton
164,125,Facundo Buonanotte,48,MID,Aston Villa,Brighton,2023-09-30T11:30:00Z,False,Brighton
165,127,Aaron Connolly,45,FWD,Aston Villa,Brighton,2023-09-30T11:30:00Z,False,Brighton
166,128,Mahmoud Dahoud,48,MID,Aston Villa,Brighton,2023-09-30T11:30:00Z,False,Brighton
167,129,Lewis Dunk,50,DEF,Aston Villa,Brighton,2023-09-30T11:30:00Z,False,Brighton
168,130,Julio Enciso,52,MID,Aston Villa,Brighton,2023-09-30T11:30:00Z,False,Brighton
169,131,Pervis Estupiñán,53,DEF,Aston Villa,Brighton,2023-09-30T11:30:00Z,False,Brighton
170,132,Evan Ferguson,60,FWD,Aston Villa,Brighton,2023-09-30T11:30:00Z,False,Brighton
171,133,Billy Gilmour,49,MID,Aston Villa,Brighton,2023-09-30T11:30:00Z,False,Brighton
172,134,Pascal Groß,63,MID,Aston Villa,Brighton,2023-09-30T11:30:00Z,False,Brighton
173,135,João Pedro Junqueira de Jesus,54,FWD,Aston Villa,Brighton,2023-09-30T11:30:00Z,False,Brighton
174,136,Michał Karbownik,40,DEF,Aston Villa,Brighton,2023-09-30T11:30:00Z,False,Brighton
175,137,Kacper Kozłowski,45,MID,Aston Villa,Brighton,2023-09-30T11:30:00Z,False,Brighton
176,138,Adam Lallana,49,MID,Aston Villa,Brighton,2023-09-30T11:30:00Z,False,Brighton
177,139,Tariq Lamptey,39,DEF,Aston Villa,Brighton,2023-09-30T11:30:00Z,False,Brighton
178,140,Solly March,64,MID,Aston Villa,Brighton,2023-09-30T11:30:00Z,False,Brighton
179,141,Tom McGill,39,GKP,Aston Villa,Brighton,2023-09-30T11:30:00Z,False,Brighton
180,142,James Milner,49,MID,Aston Villa,Brighton,2023-09-30T11:30:00Z,False,Brighton
181,143,Kaoru Mitoma,66,MID,Aston Villa,Brighton,2023-09-30T11:30:00Z,False,Brighton
182,144,Jakub Moder,44,MID,Aston Villa,Brighton,2023-09-30T11:30:00Z,False,Brighton
183,146,Jeremy Sarmiento Morante,45,MID,Aston Villa,Brighton,2023-09-30T11:30:00Z,False,Brighton
184,147,Kjell Scherpen,40,GKP,Aston Villa,Brighton,2023-09-30T11:30:00Z,False,Brighton
185,148,Jason Steele,44,GKP,Aston Villa,Brighton,2023-09-30T11:30:00Z,False,Brighton
186,149,Deniz Undav,55,FWD,Aston Villa,Brighton,2023-09-30T11:30:00Z,False,Brighton
187,150,Jan Paul van Hecke,40,DEF,Aston Villa,Brighton,2023-09-30T11:30:00Z,False,Brighton
188,151,Joël Veltman,44,DEF,Aston Villa,Brighton,2023-09-30T11:30:00Z,False,Brighton
189,152,Bart Verbruggen,44,GKP,Aston Villa,Brighton,2023-09-30T11:30:00Z,False,Brighton
190,153,Adam Webster,44,DEF,Aston Villa,Brighton,2023-09-30T11:30:00Z,False,Brighton
191,154,Danny Welbeck,58,FWD,Aston Villa,Brighton,2023-09-30T11:30:00Z,False,Brighton
192,155,Andi Zeqiri,44,FWD,Aston Villa,Brighton,2023-09-30T11:30:00Z,False,Brighton
193,606,Igor Julio dos Santos de Paulo,43,DEF,Aston Villa,Brighton,2023-09-30T11:30:00Z,False,Brighton
194,621,Jack Hinshelwood,45,MID,Aston Villa,Brighton,2023-09-30T11:30:00Z,False,Brighton
195,690,Carlos Baleba,45,MID,Brighton,Fulham,2023-10-29T14:00:00Z,True,Brighton
196,700,Anssumane Fati Vieira,65,MID,Brighton,Fulham,2023-10-29T14:00:00Z,True,Brighton
197,741,Mark O’Mahony,45,FWD,Crystal Palace,Brighton,2023-12-21T20:00:00Z,False,Brighton
198,742,Benicio Baker-Boaitey,45,MID,Crystal Palace,Brighton,2023-12-21T20:00:00Z,False,Brighton
199,746,Ben Jackson,40,DEF,Brighton,Spurs,2023-12-28T19:30:00Z,True,Brighton
200,747,Joshua Duffus,44,MID,Brighton,Spurs,2023-12-28T19:30:00Z,True,Brighton
201,753,Leigh Kavanagh,40,DEF,West Ham,Brighton,2024-01-02T19:30:00Z,False,Brighton
202,755,Luca Barrington,45,MID,Brighton,Wolves,2024-01-22T19:45:00Z,True,Brighton
203,786,Cameron Peupion,45,MID,Fulham,Brighton,2024-03-02T15:00:00Z,False,Brighton
204,816,Valentín Barco,40,DEF,Brighton,Arsenal,2024-04-06T16:30:00Z,True,Brighton
205,156,Enock Agyei,44,MID,Luton,Burnley,2023-10-03T18:30:00Z,False,Burnley
206,157,Ameen Al-Dakhil,40,DEF,Luton,Burnley,2023-10-03T18:30:00Z,False,Burnley
207,158,Samuel Bastien,49,MID,Luton,Burnley,2023-10-03T18:30:00Z,False,Burnley
208,159,Manuel Benson Hedilazio,53,MID,Luton,Burnley,2023-10-03T18:30:00Z,False,Burnley
209,160,Jordan Beyer,40,DEF,Luton,Burnley,2023-10-03T18:30:00Z,False,Burnley
210,161,Josh Brownhill,48,MID,Luton,Burnley,2023-10-03T18:30:00Z,False,Burnley
211,162,Darko Churlinov,44,MID,Luton,Burnley,2023-10-03T18:30:00Z,False,Burnley
212,163,Jack Cork,48,MID,Luton,Burnley,2023-10-03T18:30:00Z,False,Burnley
213,164,Dara Costelloe,45,MID,Luton,Burnley,2023-10-03T18:30:00Z,False,Burnley
214,165,Josh Cullen,50,MID,Luton,Burnley,2023-10-03T18:30:00Z,False,Burnley
215,166,CJ Egan-Riley,39,DEF,Luton,Burnley,2023-10-03T18:30:00Z,False,Burnley
216,167,Hjalmar Ekdal,39,DEF,Luton,Burnley,2023-10-03T18:30:00Z,False,Burnley
217,168,Lyle Foster,50,FWD,Luton,Burnley,2023-10-03T18:30:00Z,False,Burnley
218,169,Denis Franchi,40,GKP,Luton,Burnley,2023-10-03T18:30:00Z,False,Burnley
219,170,Jóhann Berg Gudmundsson,49,MID,Luton,Burnley,2023-10-03T18:30:00Z,False,Burnley
220,171,Luke McNally,40,DEF,Luton,Burnley,2023-10-03T18:30:00Z,False,Burnley
221,172,Arijanet Muric,44,GKP,Luton,Burnley,2023-10-03T18:30:00Z,False,Burnley
222,173,Dara O'Shea,44,DEF,Luton,Burnley,2023-10-03T18:30:00Z,False,Burnley
223,174,Michael Obafemi,49,FWD,Luton,Burnley,2023-10-03T18:30:00Z,False,Burnley
224,175,Bailey Peacock-Farrell,40,GKP,Luton,Burnley,2023-10-03T18:30:00Z,False,Burnley
225,176,Connor Roberts,44,DEF,Luton,Burnley,2023-10-03T18:30:00Z,False,Burnley
226,177,Jay Rodriguez,53,FWD,Luton,Burnley,2023-10-03T18:30:00Z,False,Burnley
227,178,Charlie Taylor,39,DEF,Luton,Burnley,2023-10-03T18:30:00Z,False,Burnley
228,179,Bobby Thomas,40,DEF,Luton,Burnley,2023-10-03T18:30:00Z,False,Burnley
229,180,Scott Twine,49,MID,Luton,Burnley,2023-10-03T18:30:00Z,False,Burnley
230,181,Lawrence Vigouroux,40,GKP,Luton,Burnley,2023-10-03T18:30:00Z,False,Burnley
231,182,Victor da Silva,44,DEF,Luton,Burnley,2023-10-03T18:30:00Z,False,Burnley
232,183,Wout Weghorst,55,FWD,Luton,Burnley,2023-10-03T18:30:00Z,False,Burnley
233,184,Anass Zaroury,49,MID,Luton,Burnley,2023-10-03T18:30:00Z,False,Burnley
234,200,David Datro Fofana,50,FWD,Fulham,Burnley,2023-10-02T19:00:00Z,False,Burnley
235,475,Sander Berge,48,MID,Luton,Burnley,2023-10-03T18:30:00Z,False,Burnley
236,594,Zeki Amdouni,54,FWD,Luton,Burnley,2023-10-03T18:30:00Z,False,Burnley
237,596,James Trafford,45,GKP,Luton,Burnley,2023-10-03T18:30:00Z,False,Burnley
238,600,Nathan Redmond,48,MID,Luton,Burnley,2023-10-03T18:30:00Z,False,Burnley
239,605,Luca Koleosho,50,MID,Luton,Burnley,2023-10-03T18:30:00Z,False,Burnley
240,608,Jacob Bruun Larsen,49,MID,Luton,Burnley,2023-10-03T18:30:00Z,False,Burnley
241,622,Owen Dodgson,40,DEF,Luton,Burnley,2023-10-03T18:30:00Z,False,Burnley
242,660,Wilson Odobert,50,MID,Burnley,Chelsea,2023-10-07T14:00:00Z,True,Burnley
243,674,Hannes Delcroix,40,DEF,Burnley,Chelsea,2023-10-07T14:00:00Z,True,Burnley
244,675,Aaron Ramsey,50,MID,Burnley,Chelsea,2023-10-07T14:00:00Z,True,Burnley
245,694,Han-Noah Massengo,50,MID,Brentford,Burnley,2023-10-21T14:00:00Z,False,Burnley
246,706,Mike Trésor,55,MID,Bournemouth,Burnley,2023-10-28T14:00:00Z,False,Burnley
247,805,Lorenz Assignon,40,DEF,Burnley,Brentford,2024-03-16T15:00:00Z,True,Burnley
248,806,Maxime Esteve,40,DEF,Burnley,Brentford,2024-03-16T15:00:00Z,True,Burnley
249,126,Moisés Caicedo Corozo,48,MID,Fulham,Chelsea,2023-10-02T19:00:00Z,False,Chelsea
250,145,Robert Sánchez,46,GKP,Fulham,Chelsea,2023-10-02T19:00:00Z,False,Chelsea
251,185,Ethan Ampadu,40,DEF,Fulham,Chelsea,2023-10-02T19:00:00Z,False,Chelsea
252,186,Andrey Nascimento dos Santos,44,MID,Chelsea,Brentford,2023-10-01T13:00:00Z,True,Chelsea
253,187,Kepa Arrizabalaga,50,GKP,Fulham,Chelsea,2023-10-02T19:00:00Z,False,Chelsea
254,188,Pierre-Emerick Aubameyang,65,FWD,Fulham,Chelsea,2023-10-02T19:00:00Z,False,Chelsea
255,189,César Azpilicueta,45,DEF,Fulham,Chelsea,2023-10-02T19:00:00Z,False,Chelsea
256,190,Abdul Rahman Baba,40,DEF,Fulham,Chelsea,2023-10-02T19:00:00Z,False,Chelsea
257,191,Benoît Badiashile,44,DEF,Fulham,Chelsea,2023-10-02T19:00:00Z,False,Chelsea
258,192,Marcus Bettinelli,40,GKP,Fulham,Chelsea,2023-10-02T19:00:00Z,False,Chelsea
259,194,Trevoh Chalobah,43,DEF,Fulham,Chelsea,2023-10-02T19:00:00Z,False,Chelsea
260,195,Ben Chilwell,56,DEF,Fulham,Chelsea,2023-10-02T19:00:00Z,False,Chelsea
261,196,Carney Chukwuemeka,43,MID,Fulham,Chelsea,2023-10-02T19:00:00Z,False,Chelsea
262,197,Levi Colwill,45,DEF,Fulham,Chelsea,2023-10-02T19:00:00Z,False,Chelsea
263,198,Marc Cucurella Saseta,48,DEF,Fulham,Chelsea,2023-10-02T19:00:00Z,False,Chelsea
264,199,Enzo Fernández,49,MID,Fulham,Chelsea,2023-10-02T19:00:00Z,False,Chelsea
265,201,Wesley Fofana,44,DEF,Fulham,Chelsea,2023-10-02T19:00:00Z,False,Chelsea
266,202,Conor Gallagher,54,MID,Fulham,Chelsea,2023-10-02T19:00:00Z,False,Chelsea
267,203,Malo Gusto,43,DEF,Fulham,Chelsea,2023-10-02T19:00:00Z,False,Chelsea
268,206,Reece James,53,DEF,Fulham,Chelsea,2023-10-02T19:00:00Z,False,Chelsea
269,207,Romelu Lukaku Bolingoli,68,FWD,Fulham,Chelsea,2023-10-02T19:00:00Z,False,Chelsea
270,208,Noni Madueke,53,MID,Fulham,Chelsea,2023-10-02T19:00:00Z,False,Chelsea
271,210,Mykhailo Mudryk,63,MID,Fulham,Chelsea,2023-10-02T19:00:00Z,False,Chelsea
272,211,Nicolas Jackson,69,FWD,Fulham,Chelsea,2023-10-02T19:00:00Z,False,Chelsea
273,212,Christopher Nkunku,73,FWD,Fulham,Chelsea,2023-10-02T19:00:00Z,False,Chelsea
274,213,Christian Pulisic,55,MID,Fulham,Chelsea,2023-10-02T19:00:00Z,False,Chelsea
275,214,Malang Sarr,44,DEF,Fulham,Chelsea,2023-10-02T19:00:00Z,False,Chelsea
276,215,Gabriel Słonina,40,GKP,Fulham,Chelsea,2023-10-02T19:00:00Z,False,Chelsea
277,216,Raheem Sterling,71,MID,Fulham,Chelsea,2023-10-02T19:00:00Z,False,Chelsea
278,217,Thiago Emiliano da Silva,50,DEF,Fulham,Chelsea,2023-10-02T19:00:00Z,False,Chelsea
279,218,Hakim Ziyech,54,MID,Fulham,Chelsea,2023-10-02T19:00:00Z,False,Chelsea
280,362,Cole Palmer,49,MID,Fulham,Chelsea,2023-10-02T19:00:00Z,False,Chelsea
281,589,Ângelo Gabriel Borges Damaceno,50,MID,Fulham,Chelsea,2023-10-02T19:00:00Z,False,Chelsea
282,609,Ian Maatsen,52,MID,Fulham,Chelsea,2023-10-02T19:00:00Z,False,Chelsea
283,611,Axel Disasi,51,DEF,Fulham,Chelsea,2023-10-02T19:00:00Z,False,Chelsea
284,613,Lesley Ugochukwu,44,MID,Fulham,Chelsea,2023-10-02T19:00:00Z,False,Chelsea
285,623,Mason Burstow,45,FWD,Fulham,Chelsea,2023-10-02T19:00:00Z,False,Chelsea
286,659,Lucas Bergström,40,GKP,Fulham,Chelsea,2023-10-02T19:00:00Z,False,Chelsea
287,667,Roméo Lavia,49,MID,Burnley,Chelsea,2023-10-07T14:00:00Z,False,Chelsea
288,671,Bashir Humphreys,40,DEF,Burnley,Chelsea,2023-10-07T14:00:00Z,False,Chelsea
289,677,Deivid Washington de Souza Eugênio,45,FWD,Chelsea,Arsenal,2023-10-21T16:30:00Z,True,Chelsea
290,680,Eddie Beach,40,GKP,Chelsea,Arsenal,2023-10-21T16:30:00Z,True,Chelsea
291,681,Diego Manuel Jadon da Silva Moreira,45,MID,Chelsea,Arsenal,2023-10-21T16:30:00Z,True,Chelsea
292,687,Đorđe Petrović,45,GKP,Chelsea,Brentford,2023-10-28T11:30:00Z,True,Chelsea
293,716,Alfie Gilchrist,40,DEF,Spurs,Chelsea,2023-11-06T20:00:00Z,False,Chelsea
294,717,Ronnie Stutter,45,FWD,Spurs,Chelsea,2023-11-06T20:00:00Z,False,Chelsea
295,718,Alex Matos,45,MID,Spurs,Chelsea,2023-11-06T20:00:00Z,False,Chelsea
296,723,Josh Brooking,40,DEF,Newcastle,Chelsea,2023-11-25T15:00:00Z,False,Chelsea
297,758,Leo Castledine,45,MID,Chelsea,Fulham,2024-01-13T12:30:00Z,True,Chelsea
298,791,Cesare Casadei,45,MID,Chelsea,Burnley,2024-03-30T15:00:00Z,True,Chelsea
299,819,Ishé Samuels-Smith,40,DEF,Chelsea,Everton,2024-04-15T19:00:00Z,True,Chelsea
300,820,Ollie Harrison,45,MID,Chelsea,Everton,2024-04-15T19:00:00Z,True,Chelsea
301,830,Jimi Tauriainen,45,MID,Arsenal,Chelsea,2024-04-23T19:00:00Z,False,Chelsea
302,7,Rob Holding,44,DEF,Man Utd,Crystal Palace,2023-09-30T14:00:00Z,False,Crystal Palace
303,219,Naouirou Ahamada,44,MID,Man Utd,Crystal Palace,2023-09-30T14:00:00Z,False,Crystal Palace
304,220,Joachim Andersen,47,DEF,Man Utd,Crystal Palace,2023-09-30T14:00:00Z,False,Crystal Palace
305,221,Jordan Ayew,55,MID,Man Utd,Crystal Palace,2023-09-30T14:00:00Z,False,Crystal Palace
306,222,Nathaniel Clyne,44,DEF,Man Utd,Crystal Palace,2023-09-30T14:00:00Z,False,Crystal Palace
307,223,Cheick Doucouré,50,MID,Man Utd,Crystal Palace,2023-09-30T14:00:00Z,False,Crystal Palace
308,224,Malcolm Ebiowei,45,MID,Man Utd,Crystal Palace,2023-09-30T14:00:00Z,False,Crystal Palace
309,225,Odsonne Edouard,56,FWD,Man Utd,Crystal Palace,2023-09-30T14:00:00Z,False,Crystal Palace
310,226,Eberechi Eze,62,MID,Man Utd,Crystal Palace,2023-09-30T14:00:00Z,False,Crystal Palace
311,227,Vicente Guaita,44,GKP,Man Utd,Crystal Palace,2023-09-30T14:00:00Z,False,Crystal Palace
312,228,Marc Guéhi,45,DEF,Man Utd,Crystal Palace,2023-09-30T14:00:00Z,False,Crystal Palace
313,229,Will Hughes,49,MID,Man Utd,Crystal Palace,2023-09-30T14:00:00Z,False,Crystal Palace
314,230,Sam Johnstone,45,GKP,Man Utd,Crystal Palace,2023-09-30T14:00:00Z,False,Crystal Palace
315,231,Jefferson Lerma Solís,48,MID,Man Utd,Crystal Palace,2023-09-30T14:00:00Z,False,Crystal Palace
316,232,Jean-Philippe Mateta,49,FWD,Man Utd,Crystal Palace,2023-09-30T14:00:00Z,False,Crystal Palace
317,233,Remi Matthews,40,GKP,Man Utd,Crystal Palace,2023-09-30T14:00:00Z,False,Crystal Palace
318,234,Tyrick Mitchell,45,DEF,Man Utd,Crystal Palace,2023-09-30T14:00:00Z,False,Crystal Palace
319,235,Jake O'Brien,40,DEF,Man Utd,Crystal Palace,2023-09-30T14:00:00Z,False,Crystal Palace
320,236,Michael Olise,58,MID,Man Utd,Crystal Palace,2023-09-30T14:00:00Z,False,Crystal Palace
321,237,Luke Plange,45,FWD,Man Utd,Crystal Palace,2023-09-30T14:00:00Z,False,Crystal Palace
322,238,Chris Richards,39,DEF,Man Utd,Crystal Palace,2023-09-30T14:00:00Z,False,Crystal Palace
323,239,Jairo Riedewald,44,MID,Man Utd,Crystal Palace,2023-09-30T14:00:00Z,False,Crystal Palace
324,240,Jeffrey Schlupp,49,MID,Man Utd,Crystal Palace,2023-09-30T14:00:00Z,False,Crystal Palace
325,241,James Tomkins,40,DEF,Man Utd,Crystal Palace,2023-09-30T14:00:00Z,False,Crystal Palace
326,242,Joel Ward,45,DEF,Man Utd,Crystal Palace,2023-09-30T14:00:00Z,False,Crystal Palace
327,243,Joe Whitworth,40,GKP,Man Utd,Crystal Palace,2023-09-30T14:00:00Z,False,Crystal Palace
328,385,Dean Henderson,45,GKP,Man Utd,Crystal Palace,2023-09-30T14:00:00Z,False,Crystal Palace
329,615,Matheus França de Oliveira,49,MID,Man Utd,Crystal Palace,2023-09-30T14:00:00Z,False,Crystal Palace
330,657,Jesurun Rak-Sakyi,45,MID,Man Utd,Crystal Palace,2023-09-30T14:00:00Z,False,Crystal Palace
331,658,John-Kymani Gordon,45,FWD,Man Utd,Crystal Palace,2023-09-30T14:00:00Z,False,Crystal Palace
332,720,Ademola Ola-Adebomi,45,FWD,Luton,Crystal Palace,2023-11-25T15:00:00Z,False,Crystal Palace
333,721,David Ozoh,45,MID,Luton,Crystal Palace,2023-11-25T15:00:00Z,False,Crystal Palace
334,724,Jadan Raymond,45,MID,West Ham,Crystal Palace,2023-12-03T14:00:00Z,False,Crystal Palace
335,763,Tayo Adaramola,40,DEF,Brighton,Crystal Palace,2024-02-03T15:00:00Z,False,Crystal Palace
336,792,Daniel Muñoz,45,DEF,Crystal Palace,Luton,2024-03-09T15:00:00Z,True,Crystal Palace
337,807,Adam Wharton,50,MID,Nott'm Forest,Crystal Palace,2024-03-30T15:00:00Z,False,Crystal Palace
338,821,Franco Umeh-Chibueze,45,FWD,Crystal Palace,Man City,2024-04-06T11:30:00Z,True,Crystal Palace
339,825,Kaden Rodney,45,MID,Liverpool,Crystal Palace,2024-04-14T13:00:00Z,False,Crystal Palace
340,244,André Tavares Gomes,44,MID,Everton,Luton,2023-09-30T14:00:00Z,True,Everton
341,245,Jarrad Branthwaite,40,DEF,Everton,Luton,2023-09-30T14:00:00Z,True,Everton
342,246,Dominic Calvert-Lewin,58,FWD,Everton,Luton,2023-09-30T14:00:00Z,True,Everton
343,247,Seamus Coleman,44,DEF,Everton,Luton,2023-09-30T14:00:00Z,True,Everton
344,248,Dele Alli,49,MID,Everton,Luton,2023-09-30T14:00:00Z,True,Everton
345,249,Abdoulaye Doucouré,55,MID,Everton,Luton,2023-09-30T14:00:00Z,True,Everton
346,250,James Garner,49,MID,Everton,Luton,2023-09-30T14:00:00Z,True,Everton
347,251,Jean-Philippe Gbamin,44,MID,Everton,Luton,2023-09-30T14:00:00Z,True,Everton
348,252,Ben Godfrey,44,DEF,Everton,Luton,2023-09-30T14:00:00Z,True,Everton
349,253,Demarai Gray,53,MID,Everton,Luton,2023-09-30T14:00:00Z,True,Everton
350,254,Idrissa Gueye,49,MID,Everton,Luton,2023-09-30T14:00:00Z,True,Everton
351,257,Michael Keane,44,DEF,Everton,Luton,2023-09-30T14:00:00Z,True,Everton
352,259,Dwight McNeil,54,MID,Everton,Luton,2023-09-30T14:00:00Z,True,Everton
353,260,Vitalii Mykolenko,43,DEF,Everton,Luton,2023-09-30T14:00:00Z,True,Everton
354,261,Amadou Onana,49,MID,Everton,Luton,2023-09-30T14:00:00Z,True,Everton
355,262,Nathan Patterson,45,DEF,Everton,Luton,2023-09-30T14:00:00Z,True,Everton
356,263,Jordan Pickford,44,GKP,Everton,Luton,2023-09-30T14:00:00Z,True,Everton
357,264,Ellis Simms,45,FWD,Everton,Luton,2023-09-30T14:00:00Z,True,Everton
358,265,James Tarkowski,44,DEF,Everton,Luton,2023-09-30T14:00:00Z,True,Everton
359,266,João Neves Virgínia,39,GKP,Everton,Luton,2023-09-30T14:00:00Z,True,Everton
360,579,Andy Lonergan,40,GKP,Everton,Luton,2023-09-30T14:00:00Z,True,Everton
361,588,Ashley Young,44,DEF,Everton,Luton,2023-09-30T14:00:00Z,True,Everton
362,601,Arnaut Danjuma Groeneveld,55,MID,Everton,Luton,2023-09-30T14:00:00Z,True,Everton
363,624,Lewis Dobbin,45,MID,Everton,Luton,2023-09-30T14:00:00Z,True,Everton
364,645,Youssef Ramalho Chermiti,49,FWD,Everton,Luton,2023-09-30T14:00:00Z,True,Everton
365,649,Thomas Cannon,45,FWD,Everton,Luton,2023-09-30T14:00:00Z,True,Everton
366,650,Tyler Onyango,45,MID,Everton,Luton,2023-09-30T14:00:00Z,True,Everton
367,661,Jack Harrison,55,MID,Everton,Bournemouth,2023-10-07T14:00:00Z,True,Everton
368,691,Norberto Bercique Gomes Betuncal,59,FWD,West Ham,Everton,2023-10-29T13:00:00Z,False,Everton
369,719,Mackenzie Hunt,45,MID,Crystal Palace,Everton,2023-11-11T15:00:00Z,False,Everton
370,760,Jenson Metcalfe,45,MID,Everton,Spurs,2024-02-03T12:30:00Z,True,Everton
371,761,Elijah Campbell,40,DEF,Everton,Spurs,2024-02-03T12:30:00Z,True,Everton
372,193,Armando Broja,49,FWD,Fulham,Fulham,2023-10-02T19:00:00Z,False,Fulham
373,256,Alex Iwobi,54,MID,Fulham,Chelsea,2023-10-02T19:00:00Z,True,Fulham
374,267,Andreas Hoelgebaum Pereira,55,MID,Fulham,Chelsea,2023-10-02T19:00:00Z,True,Fulham
375,268,Tom Cairney,49,MID,Fulham,Chelsea,2023-10-02T19:00:00Z,True,Fulham
376,269,Ivan Neves Abreu Cavaleiro,50,MID,Fulham,Chelsea,2023-10-02T19:00:00Z,True,Fulham
377,270,Bobby De Cordova-Reid,55,MID,Fulham,Chelsea,2023-10-02T19:00:00Z,True,Fulham
378,271,Issa Diop,45,DEF,Fulham,Chelsea,2023-10-02T19:00:00Z,True,Fulham
379,272,Tyrese Francois,44,MID,Fulham,Chelsea,2023-10-02T19:00:00Z,True,Fulham
380,273,Anthony Knockaert,44,MID,Fulham,Chelsea,2023-10-02T19:00:00Z,True,Fulham
381,274,Terence Kongolo,40,DEF,Fulham,Chelsea,2023-10-02T19:00:00Z,True,Fulham
382,275,Bernd Leno,47,GKP,Fulham,Chelsea,2023-10-02T19:00:00Z,True,Fulham
383,276,Saša Lukić,44,MID,Fulham,Chelsea,2023-10-02T19:00:00Z,True,Fulham
384,277,Kevin Mbabu,40,DEF,Fulham,Chelsea,2023-10-02T19:00:00Z,True,Fulham
385,278,Aleksandar Mitrović,74,FWD,Fulham,Chelsea,2023-10-02T19:00:00Z,True,Fulham
386,279,Rodrigo Muniz Carvalho,44,FWD,Fulham,Chelsea,2023-10-02T19:00:00Z,True,Fulham
387,280,João Palhinha Gonçalves,50,MID,Fulham,Chelsea,2023-10-02T19:00:00Z,True,Fulham
388,281,Tim Ream,45,DEF,Fulham,Chelsea,2023-10-02T19:00:00Z,True,Fulham
389,282,Harrison Reed,48,MID,Fulham,Chelsea,2023-10-02T19:00:00Z,True,Fulham
390,283,Antonee Robinson,45,DEF,Fulham,Chelsea,2023-10-02T19:00:00Z,True,Fulham
391,284,Marek Rodák,40,GKP,Fulham,Chelsea,2023-10-02T19:00:00Z,True,Fulham
392,285,Kenny Tete,45,DEF,Fulham,Chelsea,2023-10-02T19:00:00Z,True,Fulham
393,286,Tosin Adarabioyo,44,DEF,Fulham,Chelsea,2023-10-02T19:00:00Z,True,Fulham
394,287,Carlos Vinícius Alves Morais,48,FWD,Fulham,Chelsea,2023-10-02T19:00:00Z,True,Fulham
395,288,Harry Wilson,54,MID,Fulham,Chelsea,2023-10-02T19:00:00Z,True,Fulham
396,558,Raúl Jiménez,54,FWD,Fulham,Chelsea,2023-10-02T19:00:00Z,True,Fulham
397,591,Willian Borges da Silva,53,MID,Fulham,Chelsea,2023-10-02T19:00:00Z,True,Fulham
398,610,Calvin Bassey,45,DEF,Fulham,Chelsea,2023-10-02T19:00:00Z,True,Fulham
399,625,Luc De Fougerolles,40,DEF,Fulham,Chelsea,2023-10-02T19:00:00Z,True,Fulham
400,651,Jay Stansfield,45,FWD,Fulham,Chelsea,2023-10-02T19:00:00Z,True,Fulham
401,652,Matthew Dibley-Dias,45,MID,Fulham,Chelsea,2023-10-02T19:00:00Z,True,Fulham
402,662,Adama Traoré,50,MID,Fulham,Sheffield Utd,2023-10-07T14:00:00Z,True,Fulham
403,683,Luke Harris,45,MID,Spurs,Fulham,2023-10-23T19:00:00Z,False,Fulham
404,688,Timothy Castagne,45,DEF,Brighton,Fulham,2023-10-29T14:00:00Z,False,Fulham
405,692,Steven Benda,40,GKP,Brighton,Fulham,2023-10-29T14:00:00Z,False,Fulham
406,707,Fodé Ballo-Touré,45,DEF,Fulham,Man Utd,2023-11-04T12:30:00Z,True,Fulham
407,732,Devan Tanton,40,DEF,Fulham,West Ham,2023-12-10T14:00:00Z,True,Fulham
408,796,Kristian Sekularac,44,MID,Wolves,Fulham,2024-03-09T15:00:00Z,False,Fulham
409,810,Joshua King,45,MID,Fulham,Spurs,2024-03-16T17:30:00Z,True,Fulham
410,289,Adrián San Miguel del Castillo,40,GKP,Spurs,Liverpool,2023-09-30T16:30:00Z,False,Liverpool
411,290,Trent Alexander-Arnold,79,DEF,Spurs,Liverpool,2023-09-30T16:30:00Z,False,Liverpool
412,291,Alisson Ramses Becker,55,GKP,Spurs,Liverpool,2023-09-30T16:30:00Z,False,Liverpool
413,292,Stefan Bajcetic,48,MID,Spurs,Liverpool,2023-09-30T16:30:00Z,False,Liverpool
414,293,Darwin Núñez Ribeiro,74,FWD,Spurs,Liverpool,2023-09-30T16:30:00Z,False,Liverpool
415,294,Diogo Teixeira da Silva,78,MID,Spurs,Liverpool,2023-09-30T16:30:00Z,False,Liverpool
416,295,Harvey Elliott,48,MID,Spurs,Liverpool,2023-09-30T16:30:00Z,False,Liverpool
417,296,Fabio Henrique Tavares,50,MID,Spurs,Liverpool,2023-09-30T16:30:00Z,False,Liverpool
418,297,Cody Gakpo,72,FWD,Spurs,Liverpool,2023-09-30T16:30:00Z,False,Liverpool
419,298,Joe Gomez,45,DEF,Spurs,Liverpool,2023-09-30T16:30:00Z,False,Liverpool
420,299,Jordan Henderson,50,MID,Spurs,Liverpool,2023-09-30T16:30:00Z,False,Liverpool
421,300,Curtis Jones,49,MID,Spurs,Liverpool,2023-09-30T16:30:00Z,False,Liverpool
422,301,Caoimhin Kelleher,40,GKP,Spurs,Liverpool,2023-09-30T16:30:00Z,False,Liverpool
423,302,Ibrahima Konaté,49,DEF,Spurs,Liverpool,2023-09-30T16:30:00Z,False,Liverpool
424,303,Luis Díaz,76,MID,Spurs,Liverpool,2023-09-30T16:30:00Z,False,Liverpool
425,304,Alexis Mac Allister,59,MID,Spurs,Liverpool,2023-09-30T16:30:00Z,False,Liverpool
426,305,Joel Matip,49,DEF,Spurs,Liverpool,2023-09-30T16:30:00Z,False,Liverpool
427,306,Nathaniel Phillips,40,DEF,Spurs,Liverpool,2023-09-30T16:30:00Z,False,Liverpool
428,307,Andrew Robertson,66,DEF,Spurs,Liverpool,2023-09-30T16:30:00Z,False,Liverpool
429,308,Mohamed Salah,125,MID,Spurs,Liverpool,2023-09-30T16:30:00Z,False,Liverpool
430,309,Dominik Szoboszlai,70,MID,Spurs,Liverpool,2023-09-30T16:30:00Z,False,Liverpool
431,310,Thiago Alcántara do Nascimento,48,MID,Spurs,Liverpool,2023-09-30T16:30:00Z,False,Liverpool
432,311,Konstantinos Tsimikas,44,DEF,Spurs,Liverpool,2023-09-30T16:30:00Z,False,Liverpool
433,312,Sepp van den Berg,40,DEF,Spurs,Liverpool,2023-09-30T16:30:00Z,False,Liverpool
434,313,Virgil van Dijk,60,DEF,Spurs,Liverpool,2023-09-30T16:30:00Z,False,Liverpool
435,626,Jarell Quansah,40,DEF,Spurs,Liverpool,2023-09-30T16:30:00Z,False,Liverpool
436,627,Bobby Clark,45,MID,Spurs,Liverpool,2023-09-30T16:30:00Z,False,Liverpool
437,628,Ben Doak,44,MID,Spurs,Liverpool,2023-09-30T16:30:00Z,False,Liverpool
438,629,James McConnell,45,MID,Spurs,Liverpool,2023-09-30T16:30:00Z,False,Liverpool
439,668,Wataru Endo,55,MID,Brighton,Liverpool,2023-10-08T13:00:00Z,False,Liverpool
440,708,Ryan Gravenberch,50,MID,Luton,Liverpool,2023-11-05T16:30:00Z,False,Liverpool
441,726,Luke Chambers,40,DEF,Liverpool,Fulham,2023-12-03T14:00:00Z,True,Liverpool
442,728,Callum Scanlon,40,DEF,Sheffield Utd,Liverpool,2023-12-06T19:30:00Z,False,Liverpool
443,743,Treymaurice Nyoni,45,MID,Liverpool,Arsenal,2023-12-23T17:30:00Z,True,Liverpool
444,756,Marcelo de Araújo Pitaluga Filho,40,GKP,Bournemouth,Liverpool,2024-01-21T16:30:00Z,False,Liverpool
445,757,Conor Bradley,40,DEF,Bournemouth,Liverpool,2024-01-21T16:30:00Z,False,Liverpool
446,782,Owen Beck,45,DEF,Nott'm Forest,Liverpool,2024-03-02T15:00:00Z,False,Liverpool
447,783,Kaide Gordon,45,MID,Nott'm Forest,Liverpool,2024-03-02T15:00:00Z,False,Liverpool
448,812,Lewis Koumas,45,FWD,Liverpool,Sheffield Utd,2024-04-04T18:30:00Z,True,Liverpool
449,813,Fabian Mrozek,40,GKP,Liverpool,Sheffield Utd,2024-04-04T18:30:00Z,True,Liverpool
450,824,Jayden Danns,43,FWD,Man Utd,Liverpool,2024-04-07T14:30:00Z,False,Liverpool
451,837,Amara Nallo,40,DEF,Everton,Liverpool,2024-04-24T19:00:00Z,False,Liverpool
452,21,Albert Sambi Lokonga,49,MID,Everton,Luton,2023-09-30T14:00:00Z,False,Luton
453,52,Marvelous Nakamba,44,MID,Luton,Burnley,2023-10-03T18:30:00Z,True,Luton
454,314,Elijah Adebayo,48,FWD,Luton,Burnley,2023-10-03T18:30:00Z,True,Luton
455,315,Mads Juel Andersen,40,DEF,Luton,Burnley,2023-10-03T18:30:00Z,True,Luton
456,316,Amari'i Bell,40,DEF,Luton,Burnley,2023-10-03T18:30:00Z,True,Luton
457,317,Luke Berry,48,MID,Luton,Burnley,2023-10-03T18:30:00Z,True,Luton
458,318,Reece Burke,40,DEF,Luton,Burnley,2023-10-03T18:30:00Z,True,Luton
459,319,Allan Campbell,49,MID,Luton,Burnley,2023-10-03T18:30:00Z,True,Luton
460,320,Jordan Clark,49,MID,Luton,Burnley,2023-10-03T18:30:00Z,True,Luton
461,321,Alfie Doughty,44,DEF,Luton,Burnley,2023-10-03T18:30:00Z,True,Luton
462,322,Luke Freeman,49,MID,Luton,Burnley,2023-10-03T18:30:00Z,True,Luton
463,323,Matt Macey,40,GKP,Luton,Burnley,2023-10-03T18:30:00Z,True,Luton
464,324,John McAtee,45,FWD,Luton,Burnley,2023-10-03T18:30:00Z,True,Luton
465,325,Carlos Mendes Gomes,45,MID,Luton,Burnley,2023-10-03T18:30:00Z,True,Luton
466,326,Carlton Morris,56,FWD,Luton,Burnley,2023-10-03T18:30:00Z,True,Luton
467,327,Admiral Muskwe,45,FWD,Luton,Burnley,2023-10-03T18:30:00Z,True,Luton
468,328,Chiedozie Ogbene,49,FWD,Luton,Burnley,2023-10-03T18:30:00Z,True,Luton
469,329,Fred Onyedinma,50,MID,Luton,Burnley,2023-10-03T18:30:00Z,True,Luton
470,330,Gabriel Osho,44,DEF,Luton,Burnley,2023-10-03T18:30:00Z,True,Luton
471,331,Aribim Pepple,45,FWD,Luton,Burnley,2023-10-03T18:30:00Z,True,Luton
472,332,Dion Pereira,44,MID,Luton,Burnley,2023-10-03T18:30:00Z,True,Luton
473,333,Dan Potts,39,DEF,Luton,Burnley,2023-10-03T18:30:00Z,True,Luton
474,334,Glen Rea,44,MID,Luton,Burnley,2023-10-03T18:30:00Z,True,Luton
475,335,James Shea,44,GKP,Luton,Burnley,2023-10-03T18:30:00Z,True,Luton
476,336,Joe Taylor,45,FWD,Luton,Burnley,2023-10-03T18:30:00Z,True,Luton
477,337,Elliot Thorpe,45,MID,Luton,Burnley,2023-10-03T18:30:00Z,True,Luton
478,338,Jack Walton,40,GKP,Luton,Burnley,2023-10-03T18:30:00Z,True,Luton
479,339,Louie Watson,44,MID,Luton,Burnley,2023-10-03T18:30:00Z,True,Luton
480,340,Cauley Woodrow,44,FWD,Luton,Burnley,2023-10-03T18:30:00Z,True,Luton
481,393,Teden Mengi,39,DEF,Everton,Luton,2023-09-30T14:00:00Z,False,Luton
482,553,Ryan Giles,45,DEF,Luton,Burnley,2023-10-03T18:30:00Z,True,Luton
483,575,Tom Lockyer,43,DEF,Luton,Burnley,2023-10-03T18:30:00Z,True,Luton
484,582,Pelly Ruddock Mpanzu,49,MID,Luton,Burnley,2023-10-03T18:30:00Z,True,Luton
485,586,Tahith Chong,49,MID,Luton,Burnley,2023-10-03T18:30:00Z,True,Luton
486,602,Issa Kaboré,40,DEF,Luton,Burnley,2023-10-03T18:30:00Z,True,Luton
487,614,Thomas Kaminski,45,GKP,Luton,Burnley,2023-10-03T18:30:00Z,True,Luton
488,630,Ross Barkley,49,MID,Luton,Burnley,2023-10-03T18:30:00Z,True,Luton
489,631,Jacob Brown,49,FWD,Luton,Burnley,2023-10-03T18:30:00Z,True,Luton
490,648,Aidan Francis-Clarke,40,DEF,Luton,Burnley,2023-10-03T18:30:00Z,True,Luton
491,665,Tim Krul,45,GKP,Luton,Spurs,2023-10-07T11:30:00Z,True,Luton
492,682,Joseph Johnson,40,DEF,Luton,Spurs,2023-10-07T11:30:00Z,True,Luton
493,727,Andros Townsend,50,MID,Luton,Arsenal,2023-12-05T20:15:00Z,True,Luton
494,729,Jayden Luker,45,MID,Luton,Arsenal,2023-12-05T20:15:00Z,True,Luton
495,734,Zack Nelson,45,MID,Luton,Newcastle,2023-12-23T15:00:00Z,True,Luton
496,798,Daiki Hashioka,40,DEF,Bournemouth,Luton,2024-03-13T19:30:00Z,False,Luton
497,831,Axel Piesold,45,MID,Luton,Bournemouth,2024-04-06T14:00:00Z,True,Luton
498,839,Dominic Dos Santos Martins,45,MID,Man City,Luton,2024-04-13T14:00:00Z,False,Luton
499,341,Manuel Akanji,50,DEF,Wolves,Man City,2023-09-30T14:00:00Z,False,Man City
500,342,Nathan Aké,51,DEF,Wolves,Man City,2023-09-30T14:00:00Z,False,Man City
501,343,Julián Álvarez,70,FWD,Wolves,Man City,2023-09-30T14:00:00Z,False,Man City
502,344,Bernardo Veiga de Carvalho e Silva,63,MID,Wolves,Man City,2023-09-30T14:00:00Z,False,Man City
503,345,Oscar Bobb,44,MID,Wolves,Man City,2023-09-30T14:00:00Z,False,Man City
504,346,João Cancelo,58,DEF,Wolves,Man City,2023-09-30T14:00:00Z,False,Man City
505,347,Scott Carson,39,GKP,Wolves,Man City,2023-09-30T14:00:00Z,False,Man City
506,348,Shea Charles,45,MID,Wolves,Man City,2023-09-30T14:00:00Z,False,Man City
507,349,Kevin De Bruyne,102,MID,Wolves,Man City,2023-09-30T14:00:00Z,False,Man City
508,350,Rúben Gato Alves Dias,55,DEF,Wolves,Man City,2023-09-30T14:00:00Z,False,Man City
509,352,Ederson Santana de Moraes,56,GKP,Wolves,Man City,2023-09-30T14:00:00Z,False,Man City
510,353,Phil Foden,76,MID,Wolves,Man City,2023-09-30T14:00:00Z,False,Man City
511,354,Jack Grealish,73,MID,Wolves,Man City,2023-09-30T14:00:00Z,False,Man City
512,355,Erling Haaland,141,FWD,Wolves,Man City,2023-09-30T14:00:00Z,False,Man City
513,356,Mateo Kovačić,49,MID,Wolves,Man City,2023-09-30T14:00:00Z,False,Man City
514,357,Aymeric Laporte,49,DEF,Wolves,Man City,2023-09-30T14:00:00Z,False,Man City
515,358,Rico Lewis,44,DEF,Wolves,Man City,2023-09-30T14:00:00Z,False,Man City
516,359,Riyad Mahrez,75,MID,Wolves,Man City,2023-09-30T14:00:00Z,False,Man City
517,361,Stefan Ortega Moreno,39,GKP,Wolves,Man City,2023-09-30T14:00:00Z,False,Man City
518,363,Máximo Perrone,44,MID,Wolves,Man City,2023-09-30T14:00:00Z,False,Man City
519,365,Rodrigo Hernandez,56,MID,Wolves,Man City,2023-09-30T14:00:00Z,False,Man City
520,366,Sergio Gómez,39,DEF,Wolves,Man City,2023-09-30T14:00:00Z,False,Man City
521,367,Zack Steffen,39,GKP,Wolves,Man City,2023-09-30T14:00:00Z,False,Man City
522,368,John Stones,53,DEF,Wolves,Man City,2023-09-30T14:00:00Z,False,Man City
523,369,Kyle Walker,53,DEF,Wolves,Man City,2023-09-30T14:00:00Z,False,Man City
524,566,Matheus Luiz Nunes,50,MID,Wolves,Man City,2023-09-30T14:00:00Z,False,Man City
525,616,Joško Gvardiol,51,DEF,Wolves,Man City,2023-09-30T14:00:00Z,False,Man City
526,678,Jérémy Doku,65,MID,Man City,Brighton,2023-10-21T14:00:00Z,True,Man City
527,762,Mahamadou Susoho,45,MID,Man City,Everton,2024-02-10T12:30:00Z,True,Man City
528,771,Micah Hamilton,45,MID,Man City,Chelsea,2024-02-17T17:30:00Z,True,Man City
529,814,Jacob Wright,45,MID,Man City,Arsenal,2024-03-31T15:30:00Z,True,Man City
530,209,Mason Mount,68,MID,Man Utd,Crystal Palace,2023-09-30T14:00:00Z,True,Man Utd
531,370,Alex Telles,45,DEF,Man Utd,Crystal Palace,2023-09-30T14:00:00Z,True,Man Utd
532,371,Amad Diallo,44,MID,Man Utd,Crystal Palace,2023-09-30T14:00:00Z,True,Man Utd
533,372,Antony Matheus dos Santos,68,MID,Man Utd,Crystal Palace,2023-09-30T14:00:00Z,True,Man Utd
534,373,Bruno Borges Fernandes,84,MID,Man Utd,Crystal Palace,2023-09-30T14:00:00Z,True,Man Utd
535,374,Brandon Williams,40,DEF,Man Utd,Crystal Palace,2023-09-30T14:00:00Z,True,Man Utd
536,375,Eric Bailly,40,DEF,Man Utd,Crystal Palace,2023-09-30T14:00:00Z,True,Man Utd
537,376,Carlos Henrique Casimiro,54,MID,Man Utd,Crystal Palace,2023-09-30T14:00:00Z,True,Man Utd
538,377,Diogo Dalot Teixeira,49,DEF,Man Utd,Crystal Palace,2023-09-30T14:00:00Z,True,Man Utd
539,379,Christian Eriksen,59,MID,Man Utd,Crystal Palace,2023-09-30T14:00:00Z,True,Man Utd
540,380,Álvaro Fernández Carreras,40,DEF,Man Utd,Crystal Palace,2023-09-30T14:00:00Z,True,Man Utd
541,381,Frederico Rodrigues de Paula Santos,50,MID,Man Utd,Crystal Palace,2023-09-30T14:00:00Z,True,Man Utd
542,382,Alejandro Garnacho,48,MID,Man Utd,Crystal Palace,2023-09-30T14:00:00Z,True,Man Utd
543,383,Hannibal Mejbri,44,MID,Man Utd,Crystal Palace,2023-09-30T14:00:00Z,True,Man Utd
544,384,Tom Heaton,40,GKP,Man Utd,Crystal Palace,2023-09-30T14:00:00Z,True,Man Utd
545,386,Victor Lindelöf,45,DEF,Man Utd,Crystal Palace,2023-09-30T14:00:00Z,True,Man Utd
546,387,Harry Maguire,42,DEF,Man Utd,Crystal Palace,2023-09-30T14:00:00Z,True,Man Utd
547,388,Kobbie Mainoo,44,MID,Man Utd,Crystal Palace,2023-09-30T14:00:00Z,True,Man Utd
548,389,Tyrell Malacia,44,DEF,Man Utd,Crystal Palace,2023-09-30T14:00:00Z,True,Man Utd
549,390,Anthony Martial,65,FWD,Man Utd,Crystal Palace,2023-09-30T14:00:00Z,True,Man Utd
550,391,Lisandro Martínez,48,DEF,Man Utd,Crystal Palace,2023-09-30T14:00:00Z,True,Man Utd
551,392,Scott McTominay,48,MID,Man Utd,Crystal Palace,2023-09-30T14:00:00Z,True,Man Utd
552,394,Facundo Pellistri Rebollo,44,MID,Man Utd,Crystal Palace,2023-09-30T14:00:00Z,True,Man Utd
553,395,Raphaël Varane,50,DEF,Man Utd,Crystal Palace,2023-09-30T14:00:00Z,True,Man Utd
554,396,Marcus Rashford,89,MID,Man Utd,Crystal Palace,2023-09-30T14:00:00Z,True,Man Utd
555,397,Jadon Sancho,68,MID,Man Utd,Crystal Palace,2023-09-30T14:00:00Z,True,Man Utd
556,398,Luke Shaw,52,DEF,Man Utd,Crystal Palace,2023-09-30T14:00:00Z,True,Man Utd
557,399,Shola Shoretire,44,FWD,Man Utd,Crystal Palace,2023-09-30T14:00:00Z,True,Man Utd
558,400,Donny van de Beek,48,MID,Man Utd,Crystal Palace,2023-09-30T14:00:00Z,True,Man Utd
559,401,Aaron Wan-Bissaka,45,DEF,Man Utd,Crystal Palace,2023-09-30T14:00:00Z,True,Man Utd
560,597,André Onana,49,GKP,Man Utd,Crystal Palace,2023-09-30T14:00:00Z,True,Man Utd
561,617,Rasmus Højlund,71,FWD,Man Utd,Crystal Palace,2023-09-30T14:00:00Z,True,Man Utd
562,632,Omari Forson,45,MID,Man Utd,Crystal Palace,2023-09-30T14:00:00Z,True,Man Utd
563,669,Radek Vítek,40,GKP,Man Utd,Brentford,2023-10-07T14:00:00Z,True,Man Utd
564,685,Daniel Gore,45,MID,Sheffield Utd,Man Utd,2023-10-21T19:00:00Z,False,Man Utd
565,695,Altay Bayindir,40,GKP,Man Utd,Man City,2023-10-29T15:30:00Z,True,Man Utd
566,703,Jonny Evans,40,DEF,Man Utd,Man City,2023-10-29T15:30:00Z,True,Man Utd
567,709,Sofyan Amrabat,50,MID,Fulham,Man Utd,2023-11-04T12:30:00Z,False,Man Utd
568,748,Joe Hugill,45,FWD,Man Utd,Aston Villa,2023-12-26T20:00:00Z,True,Man Utd
569,766,Willy Kambwala,39,DEF,Man Utd,West Ham,2024-02-04T14:00:00Z,True,Man Utd
570,768,Rhys Bennett,40,DEF,Aston Villa,Man Utd,2024-02-11T16:30:00Z,False,Man Utd
571,826,Toby Collyer,45,MID,Bournemouth,Man Utd,2024-04-13T16:30:00Z,False,Man Utd
572,833,Habeeb Ogunneye,40,DEF,Man Utd,Sheffield Utd,2024-04-24T19:00:00Z,True,Man Utd
573,204,Lewis Hall,44,DEF,Newcastle,Burnley,2023-09-30T14:00:00Z,True,Newcastle
574,402,Miguel Almirón Rejala,63,MID,Newcastle,Burnley,2023-09-30T14:00:00Z,True,Newcastle
575,403,Elliot Anderson,44,MID,Newcastle,Burnley,2023-09-30T14:00:00Z,True,Newcastle
576,404,Harrison Ashby,40,DEF,Newcastle,Burnley,2023-09-30T14:00:00Z,True,Newcastle
577,405,Sven Botman,47,DEF,Newcastle,Burnley,2023-09-30T14:00:00Z,True,Newcastle
578,406,Bruno Guimarães Rodriguez Moura,58,MID,Newcastle,Burnley,2023-09-30T14:00:00Z,True,Newcastle
579,407,Dan Burn,45,DEF,Newcastle,Burnley,2023-09-30T14:00:00Z,True,Newcastle
580,408,Karl Darlow,40,GKP,Newcastle,Burnley,2023-09-30T14:00:00Z,True,Newcastle
581,409,Martin Dubravka,39,GKP,Newcastle,Burnley,2023-09-30T14:00:00Z,True,Newcastle
582,410,Ryan Fraser,49,MID,Newcastle,Burnley,2023-09-30T14:00:00Z,True,Newcastle
583,411,Mark Gillespie,39,GKP,Newcastle,Burnley,2023-09-30T14:00:00Z,True,Newcastle
584,412,Anthony Gordon,56,MID,Newcastle,Burnley,2023-09-30T14:00:00Z,True,Newcastle
585,413,Isaac Hayden,44,MID,Newcastle,Burnley,2023-09-30T14:00:00Z,True,Newcastle
586,414,Jeff Hendrick,44,MID,Newcastle,Burnley,2023-09-30T14:00:00Z,True,Newcastle
587,415,Alexander Isak,76,FWD,Newcastle,Burnley,2023-09-30T14:00:00Z,True,Newcastle
588,416,Joelinton Cássio Apolinário de Lira,58,MID,Newcastle,Burnley,2023-09-30T14:00:00Z,True,Newcastle
589,417,Emil Krafth,44,DEF,Newcastle,Burnley,2023-09-30T14:00:00Z,True,Newcastle
590,418,Garang Kuol,45,MID,Newcastle,Burnley,2023-09-30T14:00:00Z,True,Newcastle
591,419,Jamaal Lascelles,39,DEF,Newcastle,Burnley,2023-09-30T14:00:00Z,True,Newcastle
592,420,Jamal Lewis,40,DEF,Newcastle,Burnley,2023-09-30T14:00:00Z,True,Newcastle
593,421,Sean Longstaff,49,MID,Newcastle,Burnley,2023-09-30T14:00:00Z,True,Newcastle
594,422,Javier Manquillo Gaitán,40,DEF,Newcastle,Burnley,2023-09-30T14:00:00Z,True,Newcastle
595,423,Jacob Murphy,48,MID,Newcastle,Burnley,2023-09-30T14:00:00Z,True,Newcastle
596,424,Nick Pope,55,GKP,Newcastle,Burnley,2023-09-30T14:00:00Z,True,Newcastle
597,425,Matt Ritchie,44,MID,Newcastle,Burnley,2023-09-30T14:00:00Z,True,Newcastle
598,426,Allan Saint-Maximin,60,MID,Newcastle,Burnley,2023-09-30T14:00:00Z,True,Newcastle
599,427,Fabian Schär,51,DEF,Newcastle,Burnley,2023-09-30T14:00:00Z,True,Newcastle
600,428,Matt Targett,44,DEF,Newcastle,Burnley,2023-09-30T14:00:00Z,True,Newcastle
601,429,Sandro Tonali,55,MID,Newcastle,Burnley,2023-09-30T14:00:00Z,True,Newcastle
602,430,Kieran Trippier,67,DEF,Newcastle,Burnley,2023-09-30T14:00:00Z,True,Newcastle
603,431,Kell Watts,40,DEF,Newcastle,Burnley,2023-09-30T14:00:00Z,True,Newcastle
604,432,Joe Willock,53,MID,Newcastle,Burnley,2023-09-30T14:00:00Z,True,Newcastle
605,433,Callum Wilson,78,FWD,Newcastle,Burnley,2023-09-30T14:00:00Z,True,Newcastle
606,580,Loris Karius,40,GKP,Newcastle,Burnley,2023-09-30T14:00:00Z,True,Newcastle
607,581,Paul Dummett,39,DEF,Newcastle,Burnley,2023-09-30T14:00:00Z,True,Newcastle
608,603,Harvey Barnes,63,MID,Newcastle,Burnley,2023-09-30T14:00:00Z,True,Newcastle
609,633,Tino Livramento,44,DEF,Newcastle,Burnley,2023-09-30T14:00:00Z,True,Newcastle
610,634,Alex Murphy,40,DEF,Newcastle,Burnley,2023-09-30T14:00:00Z,True,Newcastle
611,635,Lewis Miley,45,MID,Newcastle,Burnley,2023-09-30T14:00:00Z,True,Newcastle
612,738,Amadou Diallo,45,MID,Luton,Newcastle,2023-12-23T15:00:00Z,False,Newcastle
613,739,Ben Parkinson,45,FWD,Luton,Newcastle,2023-12-23T15:00:00Z,False,Newcastle
614,745,Michael Ndiweni,45,FWD,Newcastle,Nott'm Forest,2023-12-26T12:30:00Z,True,Newcastle
615,794,Joe White,45,MID,Chelsea,Newcastle,2024-03-11T20:00:00Z,False,Newcastle
616,795,Travis Hernes,45,MID,Chelsea,Newcastle,2024-03-11T20:00:00Z,False,Newcastle
617,23,Nuno Varela Tavares,40,DEF,Nott'm Forest,Brentford,2023-10-01T13:00:00Z,True,Nott'm Forest
618,28,Matt Turner,40,GKP,Nott'm Forest,Brentford,2023-10-01T13:00:00Z,True,Nott'm Forest
619,205,Callum Hudson-Odoi,49,MID,Nott'm Forest,Brentford,2023-10-01T13:00:00Z,True,Nott'm Forest
620,378,Anthony Elanga,50,MID,Nott'm Forest,Brentford,2023-10-01T13:00:00Z,True,Nott'm Forest
621,434,Brandon Aguilera Zamora,45,MID,Nott'm Forest,Brentford,2023-10-01T13:00:00Z,True,Nott'm Forest
622,435,Harry Arter,44,MID,Nott'm Forest,Brentford,2023-10-01T13:00:00Z,True,Nott'm Forest
623,436,Serge Aurier,45,DEF,Nott'm Forest,Brentford,2023-10-01T13:00:00Z,True,Nott'm Forest
624,437,Taiwo Awoniyi,66,FWD,Nott'm Forest,Brentford,2023-10-01T13:00:00Z,True,Nott'm Forest
625,438,Giulian Biancone,39,DEF,Nott'm Forest,Brentford,2023-10-01T13:00:00Z,True,Nott'm Forest
626,439,Willy Boly,45,DEF,Nott'm Forest,Brentford,2023-10-01T13:00:00Z,True,Nott'm Forest
627,440,Josh Bowler,45,MID,Nott'm Forest,Brentford,2023-10-01T13:00:00Z,True,Nott'm Forest
628,441,Steve Cook,45,DEF,Nott'm Forest,Brentford,2023-10-01T13:00:00Z,True,Nott'm Forest
629,442,Danilo dos Santos de Oliveira,53,MID,Nott'm Forest,Brentford,2023-10-01T13:00:00Z,True,Nott'm Forest
630,443,Emmanuel Dennis,48,FWD,Nott'm Forest,Brentford,2023-10-01T13:00:00Z,True,Nott'm Forest
631,444,Mohamed Dräger,40,DEF,Nott'm Forest,Brentford,2023-10-01T13:00:00Z,True,Nott'm Forest
632,445,Felipe Augusto de Almeida Monteiro,44,DEF,Nott'm Forest,Brentford,2023-10-01T13:00:00Z,True,Nott'm Forest
633,446,Remo Freuler,49,MID,Nott'm Forest,Brentford,2023-10-01T13:00:00Z,True,Nott'm Forest
634,447,Morgan Gibbs-White,59,MID,Nott'm Forest,Brentford,2023-10-01T13:00:00Z,True,Nott'm Forest
635,448,Wayne Hennessey,40,GKP,Nott'm Forest,Brentford,2023-10-01T13:00:00Z,True,Nott'm Forest
636,449,Ethan Horvath,44,GKP,Nott'm Forest,Brentford,2023-10-01T13:00:00Z,True,Nott'm Forest
637,451,Cheikhou Kouyaté,49,MID,Nott'm Forest,Brentford,2023-10-01T13:00:00Z,True,Nott'm Forest
638,452,Richie Laryea,45,DEF,Nott'm Forest,Brentford,2023-10-01T13:00:00Z,True,Nott'm Forest
639,453,Orel Mangala,50,MID,Nott'm Forest,Brentford,2023-10-01T13:00:00Z,True,Nott'm Forest
640,454,Loïc Mbe Soh,40,DEF,Nott'm Forest,Brentford,2023-10-01T13:00:00Z,True,Nott'm Forest
641,455,Scott McKenna,45,DEF,Nott'm Forest,Brentford,2023-10-01T13:00:00Z,True,Nott'm Forest
642,456,Alex Mighten,44,MID,Nott'm Forest,Brentford,2023-10-01T13:00:00Z,True,Nott'm Forest
643,457,Moussa Niakhaté,45,DEF,Nott'm Forest,Brentford,2023-10-01T13:00:00Z,True,Nott'm Forest
644,458,Lewis O'Brien,49,MID,Nott'm Forest,Brentford,2023-10-01T13:00:00Z,True,Nott'm Forest
645,459,Braian Ojeda Rodríguez,45,MID,Nott'm Forest,Brentford,2023-10-01T13:00:00Z,True,Nott'm Forest
646,460,Jonathan Panzo,40,DEF,Nott'm Forest,Brentford,2023-10-01T13:00:00Z,True,Nott'm Forest
647,461,Omar Richards,44,DEF,Nott'm Forest,Brentford,2023-10-01T13:00:00Z,True,Nott'm Forest
648,462,Gustavo Henrique Furtado Scarpa,45,MID,Nott'm Forest,Brentford,2023-10-01T13:00:00Z,True,Nott'm Forest
649,463,Jonjo Shelvey,48,MID,Nott'm Forest,Brentford,2023-10-01T13:00:00Z,True,Nott'm Forest
650,464,Sam Surridge,45,FWD,Nott'm Forest,Brentford,2023-10-01T13:00:00Z,True,Nott'm Forest
651,465,Harry Toffolo,44,DEF,Nott'm Forest,Brentford,2023-10-01T13:00:00Z,True,Nott'm Forest
652,466,Hwang Ui-jo,44,FWD,Nott'm Forest,Brentford,2023-10-01T13:00:00Z,True,Nott'm Forest
653,467,Neco Williams,44,DEF,Nott'm Forest,Brentford,2023-10-01T13:00:00Z,True,Nott'm Forest
654,468,Chris Wood,49,FWD,Nott'm Forest,Brentford,2023-10-01T13:00:00Z,True,Nott'm Forest
655,469,Joe Worrall,45,DEF,Nott'm Forest,Brentford,2023-10-01T13:00:00Z,True,Nott'm Forest
656,470,Ryan Yates,49,MID,Nott'm Forest,Brentford,2023-10-01T13:00:00Z,True,Nott'm Forest
657,604,Olu Aina,45,DEF,Nott'm Forest,Brentford,2023-10-01T13:00:00Z,True,Nott'm Forest
658,636,George Shelvey,40,GKP,Nott'm Forest,Brentford,2023-10-01T13:00:00Z,True,Nott'm Forest
659,637,Josh Powell,40,DEF,Nott'm Forest,Brentford,2023-10-01T13:00:00Z,True,Nott'm Forest
660,679,Gonzalo Montiel,45,DEF,Nott'm Forest,Luton,2023-10-21T14:00:00Z,True,Nott'm Forest
661,696,Murillo Santiago Costa dos Santos,45,DEF,Liverpool,Nott'm Forest,2023-10-29T14:00:00Z,False,Nott'm Forest
662,710,Odysseas Vlachodimos,45,GKP,Nott'm Forest,Aston Villa,2023-11-05T14:00:00Z,True,Nott'm Forest
663,711,Andrew Omobamidele,45,DEF,Nott'm Forest,Aston Villa,2023-11-05T14:00:00Z,True,Nott'm Forest
664,712,Nicolás Domínguez,50,MID,Nott'm Forest,Aston Villa,2023-11-05T14:00:00Z,True,Nott'm Forest
665,713,Ibrahim Sangaré,50,MID,Nott'm Forest,Aston Villa,2023-11-05T14:00:00Z,True,Nott'm Forest
666,714,Divock Origi,50,FWD,Nott'm Forest,Aston Villa,2023-11-05T14:00:00Z,True,Nott'm Forest
667,779,Jamie McDonnell,45,MID,Nott'm Forest,Liverpool,2024-03-02T15:00:00Z,True,Nott'm Forest
668,780,Detlef Esapa Osong,45,FWD,Nott'm Forest,Liverpool,2024-03-02T15:00:00Z,True,Nott'm Forest
669,781,Joe Gardner,45,FWD,Nott'm Forest,Liverpool,2024-03-02T15:00:00Z,True,Nott'm Forest
670,801,Giovanni Reyna,47,MID,Luton,Nott'm Forest,2024-03-16T15:00:00Z,False,Nott'm Forest
671,808,Matz Sels,45,GKP,Luton,Nott'm Forest,2024-03-16T15:00:00Z,False,Nott'm Forest
672,809,Rodrigo Duarte Ribeiro,45,FWD,Luton,Nott'm Forest,2024-03-16T15:00:00Z,False,Nott'm Forest
673,27,Auston Trusty,40,DEF,West Ham,Sheffield Utd,2023-09-30T14:00:00Z,False,Sheffield Utd
674,33,Cameron Archer,45,FWD,West Ham,Sheffield Utd,2023-09-30T14:00:00Z,False,Sheffield Utd
675,255,Mason Holgate,40,DEF,Sheffield Utd,Luton,2023-09-30T14:00:00Z,True,Sheffield Utd
676,360,James McAtee,44,MID,West Ham,Sheffield Utd,2023-09-30T14:00:00Z,False,Sheffield Utd
677,471,Anel Ahmedhodžić,44,DEF,West Ham,Sheffield Utd,2023-09-30T14:00:00Z,False,Sheffield Utd
678,472,Jordan Amissah,40,GKP,West Ham,Sheffield Utd,2023-09-30T14:00:00Z,False,Sheffield Utd
679,473,George Baldock,39,DEF,West Ham,Sheffield Utd,2023-09-30T14:00:00Z,False,Sheffield Utd
680,474,Chris Basham,40,DEF,West Ham,Sheffield Utd,2023-09-30T14:00:00Z,False,Sheffield Utd
681,476,Jayden Bogle,45,DEF,West Ham,Sheffield Utd,2023-09-30T14:00:00Z,False,Sheffield Utd
682,477,Rhian Brewster,49,FWD,West Ham,Sheffield Utd,2023-09-30T14:00:00Z,False,Sheffield Utd
683,478,Ismaila Coulibaly,44,MID,West Ham,Sheffield Utd,2023-09-30T14:00:00Z,False,Sheffield Utd
684,479,Adam Davies,40,GKP,West Ham,Sheffield Utd,2023-09-30T14:00:00Z,False,Sheffield Utd
685,480,John Egan,44,DEF,West Ham,Sheffield Utd,2023-09-30T14:00:00Z,False,Sheffield Utd
686,481,John Fleck,49,MID,West Ham,Sheffield Utd,2023-09-30T14:00:00Z,False,Sheffield Utd
687,482,Wes Foderingham,45,GKP,West Ham,Sheffield Utd,2023-09-30T14:00:00Z,False,Sheffield Utd
688,483,Daniel Jebbison,49,FWD,West Ham,Sheffield Utd,2023-09-30T14:00:00Z,False,Sheffield Utd
689,484,Max Lowe,44,DEF,West Ham,Sheffield Utd,2023-09-30T14:00:00Z,False,Sheffield Utd
690,485,Oliver McBurnie,54,FWD,West Ham,Sheffield Utd,2023-09-30T14:00:00Z,False,Sheffield Utd
691,486,Iliman Ndiaye,55,FWD,West Ham,Sheffield Utd,2023-09-30T14:00:00Z,False,Sheffield Utd
692,487,Rhys Norrington-Davies,39,DEF,West Ham,Sheffield Utd,2023-09-30T14:00:00Z,False,Sheffield Utd
693,488,Oliver Norwood,49,MID,West Ham,Sheffield Utd,2023-09-30T14:00:00Z,False,Sheffield Utd
694,489,Ben Osborn,48,MID,West Ham,Sheffield Utd,2023-09-30T14:00:00Z,False,Sheffield Utd
695,490,William Osula,44,FWD,West Ham,Sheffield Utd,2023-09-30T14:00:00Z,False,Sheffield Utd
696,576,Jack Robinson,45,DEF,West Ham,Sheffield Utd,2023-09-30T14:00:00Z,False,Sheffield Utd
697,587,Anis Slimane,48,MID,West Ham,Sheffield Utd,2023-09-30T14:00:00Z,False,Sheffield Utd
698,592,Yasser Larouci,44,DEF,West Ham,Sheffield Utd,2023-09-30T14:00:00Z,False,Sheffield Utd
699,593,Bénie Traoré,53,FWD,West Ham,Sheffield Utd,2023-09-30T14:00:00Z,False,Sheffield Utd
700,638,Vini de Souza Costa,50,MID,West Ham,Sheffield Utd,2023-09-30T14:00:00Z,False,Sheffield Utd
701,653,Femi Seriki,40,DEF,West Ham,Sheffield Utd,2023-09-30T14:00:00Z,False,Sheffield Utd
702,654,Louie Marsh,45,FWD,West Ham,Sheffield Utd,2023-09-30T14:00:00Z,False,Sheffield Utd
703,655,Andre Brooks,45,MID,West Ham,Sheffield Utd,2023-09-30T14:00:00Z,False,Sheffield Utd
704,656,Antwoine Hackford,45,FWD,West Ham,Sheffield Utd,2023-09-30T14:00:00Z,False,Sheffield Utd
705,663,Gustavo Hamer,50,MID,Fulham,Sheffield Utd,2023-10-07T14:00:00Z,False,Sheffield Utd
706,666,Tom Davies,50,MID,Fulham,Sheffield Utd,2023-10-07T14:00:00Z,False,Sheffield Utd
707,693,Luke Thomas,40,DEF,Arsenal,Sheffield Utd,2023-10-28T14:00:00Z,False,Sheffield Utd
708,730,Ryan Oné,45,MID,Sheffield Utd,Liverpool,2023-12-06T19:30:00Z,True,Sheffield Utd
709,731,Jili Buyabu,40,DEF,Sheffield Utd,Liverpool,2023-12-06T19:30:00Z,True,Sheffield Utd
710,759,Sydie Peck,44,MID,Crystal Palace,Sheffield Utd,2024-01-30T20:00:00Z,False,Sheffield Utd
711,775,Ben Brereton,50,MID,Sheffield Utd,Arsenal,2024-03-04T20:00:00Z,True,Sheffield Utd
712,790,Ivo Grbic,45,GKP,Bournemouth,Sheffield Utd,2024-03-09T15:00:00Z,False,Sheffield Utd
713,822,Billy Blacker,45,FWD,Sheffield Utd,Chelsea,2024-04-07T16:30:00Z,True,Sheffield Utd
714,823,Oliver Arblaster,45,MID,Sheffield Utd,Chelsea,2024-04-07T16:30:00Z,True,Sheffield Utd
715,827,Dovydas Sasnauskas,40,DEF,Brentford,Sheffield Utd,2024-04-13T14:00:00Z,False,Sheffield Utd
716,828,Sam Curtis,40,DEF,Brentford,Sheffield Utd,2024-04-13T14:00:00Z,False,Sheffield Utd
717,450,Brennan Johnson,58,MID,Spurs,Liverpool,2023-09-30T16:30:00Z,True,Spurs
718,491,Brandon Austin,40,GKP,Spurs,Liverpool,2023-09-30T16:30:00Z,True,Spurs
719,492,Rodrigo Bentancur,54,MID,Spurs,Liverpool,2023-09-30T16:30:00Z,True,Spurs
720,493,Yves Bissouma,50,MID,Spurs,Liverpool,2023-09-30T16:30:00Z,True,Spurs
721,494,Bryan Gil Salvatierra,49,MID,Spurs,Liverpool,2023-09-30T16:30:00Z,True,Spurs
722,495,Ben Davies,44,DEF,Spurs,Liverpool,2023-09-30T16:30:00Z,True,Spurs
723,496,Eric Dier,43,DEF,Spurs,Liverpool,2023-09-30T16:30:00Z,True,Spurs
724,497,Emerson Leite de Souza Junior,45,DEF,Spurs,Liverpool,2023-09-30T16:30:00Z,True,Spurs
725,498,Fraser Forster,40,GKP,Spurs,Liverpool,2023-09-30T16:30:00Z,True,Spurs
726,499,Pierre-Emile Højbjerg,53,MID,Spurs,Liverpool,2023-09-30T16:30:00Z,True,Spurs
727,500,Harry Kane,125,FWD,Spurs,Liverpool,2023-09-30T16:30:00Z,True,Spurs
728,501,Dejan Kulusevski,70,MID,Spurs,Liverpool,2023-09-30T16:30:00Z,True,Spurs
729,502,Hugo Lloris,48,GKP,Spurs,Liverpool,2023-09-30T16:30:00Z,True,Spurs
730,503,Giovani Lo Celso,48,MID,Spurs,Liverpool,2023-09-30T16:30:00Z,True,Spurs
731,504,James Maddison,79,MID,Spurs,Liverpool,2023-09-30T16:30:00Z,True,Spurs
732,505,Tanguy Ndombélé Alvaro,44,MID,Spurs,Liverpool,2023-09-30T16:30:00Z,True,Spurs
733,506,Pedro Porro,50,DEF,Spurs,Liverpool,2023-09-30T16:30:00Z,True,Spurs
734,507,Ivan Perišić,48,DEF,Spurs,Liverpool,2023-09-30T16:30:00Z,True,Spurs
735,509,Richarlison de Andrade,67,MID,Spurs,Liverpool,2023-09-30T16:30:00Z,True,Spurs
736,510,Joe Rodon,40,DEF,Spurs,Liverpool,2023-09-30T16:30:00Z,True,Spurs
737,511,Cristian Romero,48,DEF,Spurs,Liverpool,2023-09-30T16:30:00Z,True,Spurs
738,512,Davinson Sánchez,44,DEF,Spurs,Liverpool,2023-09-30T16:30:00Z,True,Spurs
739,513,Pape Matar Sarr,46,MID,Spurs,Liverpool,2023-09-30T16:30:00Z,True,Spurs
740,514,Ryan Sessegnon,44,DEF,Spurs,Liverpool,2023-09-30T16:30:00Z,True,Spurs
741,515,Oliver Skipp,47,MID,Spurs,Liverpool,2023-09-30T16:30:00Z,True,Spurs
742,516,Son Heung-min,92,MID,Spurs,Liverpool,2023-09-30T16:30:00Z,True,Spurs
743,517,Djed Spence,40,DEF,Spurs,Liverpool,2023-09-30T16:30:00Z,True,Spurs
744,518,Japhet Tanganga,40,DEF,Spurs,Liverpool,2023-09-30T16:30:00Z,True,Spurs
745,519,Destiny Udogie,48,DEF,Spurs,Liverpool,2023-09-30T16:30:00Z,True,Spurs
746,520,Guglielmo Vicario,51,GKP,Spurs,Liverpool,2023-09-30T16:30:00Z,True,Spurs
747,521,Alfie Whiteman,40,GKP,Spurs,Liverpool,2023-09-30T16:30:00Z,True,Spurs
748,583,Manor Solomon,53,MID,Spurs,Liverpool,2023-09-30T16:30:00Z,True,Spurs
749,639,Micky van de Ven,45,DEF,Spurs,Liverpool,2023-09-30T16:30:00Z,True,Spurs
750,640,Dane Scarlett,45,FWD,Spurs,Liverpool,2023-09-30T16:30:00Z,True,Spurs
751,641,Alejo Véliz,54,FWD,Spurs,Liverpool,2023-09-30T16:30:00Z,True,Spurs
752,702,Ashley Phillips,40,DEF,Crystal Palace,Spurs,2023-10-27T19:00:00Z,False,Spurs
753,722,Jamie Donley,45,FWD,Spurs,Aston Villa,2023-11-26T14:00:00Z,True,Spurs
754,740,Alfie Dorrington,40,DEF,Spurs,Everton,2023-12-23T15:00:00Z,True,Spurs
755,754,Yago de Santiago Alonso,45,MID,Spurs,Bournemouth,2023-12-31T14:00:00Z,True,Spurs
756,776,Timo Werner,63,FWD,Aston Villa,Spurs,2024-03-10T13:00:00Z,False,Spurs
757,777,Radu Dragusin,42,DEF,Aston Villa,Spurs,2024-03-10T13:00:00Z,False,Spurs
758,364,Kalvin Phillips,48,MID,Wolves,West Ham,2023-09-30T14:00:00Z,False,West Ham
759,522,Nayef Aguerd,45,DEF,West Ham,Sheffield Utd,2023-09-30T14:00:00Z,True,West Ham
760,523,Michail Antonio,59,FWD,West Ham,Sheffield Utd,2023-09-30T14:00:00Z,True,West Ham
761,524,Alphonse Areola,42,GKP,West Ham,Sheffield Utd,2023-09-30T14:00:00Z,True,West Ham
762,525,Saïd Benrahma,58,MID,West Ham,Sheffield Utd,2023-09-30T14:00:00Z,True,West Ham
763,526,Jarrod Bowen,72,MID,West Ham,Sheffield Utd,2023-09-30T14:00:00Z,True,West Ham
764,527,Maxwel Cornet,53,MID,West Ham,Sheffield Utd,2023-09-30T14:00:00Z,True,West Ham
765,528,Vladimír Coufal,45,DEF,West Ham,Sheffield Utd,2023-09-30T14:00:00Z,True,West Ham
766,529,Conor Coventry,44,MID,West Ham,Sheffield Utd,2023-09-30T14:00:00Z,True,West Ham
767,530,Aaron Cresswell,43,DEF,West Ham,Sheffield Utd,2023-09-30T14:00:00Z,True,West Ham
768,531,Flynn Downes,50,MID,West Ham,Sheffield Utd,2023-09-30T14:00:00Z,True,West Ham
769,532,Emerson Palmieri dos Santos,45,DEF,West Ham,Sheffield Utd,2023-09-30T14:00:00Z,True,West Ham
770,533,Lukasz Fabianski,43,GKP,West Ham,Sheffield Utd,2023-09-30T14:00:00Z,True,West Ham
771,534,Pablo Fornals Malla,48,MID,West Ham,Sheffield Utd,2023-09-30T14:00:00Z,True,West Ham
772,535,Danny Ings,57,FWD,West Ham,Sheffield Utd,2023-09-30T14:00:00Z,True,West Ham
773,536,Ben Johnson,44,DEF,West Ham,Sheffield Utd,2023-09-30T14:00:00Z,True,West Ham
774,537,Thilo Kehrer,44,DEF,West Ham,Sheffield Utd,2023-09-30T14:00:00Z,True,West Ham
775,538,Divin Mubama,43,FWD,West Ham,Sheffield Utd,2023-09-30T14:00:00Z,True,West Ham
776,539,Lucas Tolentino Coelho de Lima,60,MID,West Ham,Sheffield Utd,2023-09-30T14:00:00Z,True,West Ham
777,541,Gianluca Scamacca,60,FWD,West Ham,Sheffield Utd,2023-09-30T14:00:00Z,True,West Ham
778,542,Tomáš Souček,49,MID,West Ham,Sheffield Utd,2023-09-30T14:00:00Z,True,West Ham
779,543,Nikola Vlašić,45,MID,West Ham,Sheffield Utd,2023-09-30T14:00:00Z,True,West Ham
780,544,Kurt Zouma,45,DEF,West Ham,Sheffield Utd,2023-09-30T14:00:00Z,True,West Ham
781,577,Angelo Ogbonna,44,DEF,West Ham,Sheffield Utd,2023-09-30T14:00:00Z,True,West Ham
782,642,Edson Álvarez Velázquez,50,MID,West Ham,Sheffield Utd,2023-09-30T14:00:00Z,True,West Ham
783,647,Joseph Anang,40,GKP,West Ham,Sheffield Utd,2023-09-30T14:00:00Z,True,West Ham
784,664,James Ward-Prowse,63,MID,West Ham,Newcastle,2023-10-08T13:00:00Z,True,West Ham
785,676,Konstantinos Mavropanos,45,DEF,Aston Villa,West Ham,2023-10-22T15:30:00Z,False,West Ham
786,689,Mohammed Kudus,65,MID,West Ham,Everton,2023-10-29T13:00:00Z,True,West Ham
787,773,Lewis Orford,45,MID,West Ham,Brentford,2024-02-26T20:00:00Z,True,West Ham
788,774,Kaelan Casey,40,DEF,West Ham,Brentford,2024-02-26T20:00:00Z,True,West Ham
789,784,Oliver Scarles,40,DEF,Everton,West Ham,2024-03-02T15:00:00Z,False,West Ham
790,785,Callum Marshall,45,FWD,Everton,West Ham,2024-03-02T15:00:00Z,False,West Ham
791,829,George Earthy,45,MID,Wolves,West Ham,2024-04-06T14:00:00Z,False,West Ham
792,351,Tommy Doyle,44,MID,Wolves,Man City,2023-09-30T14:00:00Z,True,Wolves
793,545,Rayan Aït-Nouri,45,DEF,Wolves,Man City,2023-09-30T14:00:00Z,True,Wolves
794,546,Daniel Bentley,40,GKP,Wolves,Man City,2023-09-30T14:00:00Z,True,Wolves
795,547,Bendegúz Bolla,40,DEF,Wolves,Man City,2023-09-30T14:00:00Z,True,Wolves
796,548,Hugo Bueno López,45,DEF,Wolves,Man City,2023-09-30T14:00:00Z,True,Wolves
797,549,Francisco Jorge Tomás Oliveira,45,MID,Wolves,Man City,2023-09-30T14:00:00Z,True,Wolves
798,550,Luke Cundle,45,MID,Wolves,Man City,2023-09-30T14:00:00Z,True,Wolves
799,551,Craig Dawson,45,DEF,Wolves,Man City,2023-09-30T14:00:00Z,True,Wolves
800,552,Fábio Silva,54,FWD,Wolves,Man City,2023-09-30T14:00:00Z,True,Wolves
801,554,Gonçalo Manuel Ganchinho Guedes,54,MID,Wolves,Man City,2023-09-30T14:00:00Z,True,Wolves
802,555,Joe Hodge,44,MID,Wolves,Man City,2023-09-30T14:00:00Z,True,Wolves
803,556,Ki-Jana Hoever,40,DEF,Wolves,Man City,2023-09-30T14:00:00Z,True,Wolves
804,557,Hwang Hee-chan,54,MID,Wolves,Man City,2023-09-30T14:00:00Z,True,Wolves
805,559,João Victor Gomes da Silva,49,MID,Wolves,Man City,2023-09-30T14:00:00Z,True,Wolves
806,560,Jonathan Castro Otto,44,DEF,Wolves,Man City,2023-09-30T14:00:00Z,True,Wolves
807,561,Bruno Cavaco Jordão,44,MID,Wolves,Man City,2023-09-30T14:00:00Z,True,Wolves
808,562,Sasa Kalajdzic,50,FWD,Wolves,Man City,2023-09-30T14:00:00Z,True,Wolves
809,563,Max Kilman,45,DEF,Wolves,Man City,2023-09-30T14:00:00Z,True,Wolves
810,564,Tom King,40,GKP,Wolves,Man City,2023-09-30T14:00:00Z,True,Wolves
811,565,Mario Lemina,50,MID,Wolves,Man City,2023-09-30T14:00:00Z,True,Wolves
812,567,Pedro Lomba Neto,56,MID,Wolves,Man City,2023-09-30T14:00:00Z,True,Wolves
813,568,Daniel Castelo Podence,53,MID,Wolves,Man City,2023-09-30T14:00:00Z,True,Wolves
814,569,José Malheiro de Sá,50,GKP,Wolves,Man City,2023-09-30T14:00:00Z,True,Wolves
815,570,Pablo Sarabia,49,MID,Wolves,Man City,2023-09-30T14:00:00Z,True,Wolves
816,571,Matija Šarkić,40,GKP,Wolves,Man City,2023-09-30T14:00:00Z,True,Wolves
817,572,Nélson Cabral Semedo,45,DEF,Wolves,Man City,2023-09-30T14:00:00Z,True,Wolves
818,573,Toti António Gomes,44,DEF,Wolves,Man City,2023-09-30T14:00:00Z,True,Wolves
819,574,Boubacar Traoré,44,MID,Wolves,Man City,2023-09-30T14:00:00Z,True,Wolves
820,590,Matheus Santos Carneiro Da Cunha,55,FWD,Wolves,Man City,2023-09-30T14:00:00Z,True,Wolves
821,598,Matt Doherty,43,DEF,Wolves,Man City,2023-09-30T14:00:00Z,True,Wolves
822,697,Santiago Bueno,45,DEF,Wolves,Newcastle,2023-10-28T16:30:00Z,True,Wolves
823,698,Enso González,50,MID,Wolves,Newcastle,2023-10-28T16:30:00Z,True,Wolves
824,704,Nathan Fraser,45,FWD,Wolves,Newcastle,2023-10-28T16:30:00Z,True,Wolves
825,715,Jean-Ricner Bellegarde,49,MID,Sheffield Utd,Wolves,2023-11-04T15:00:00Z,False,Wolves
826,749,Matthew Whittingham,45,MID,Wolves,Everton,2023-12-30T15:00:00Z,True,Wolves
827,750,Tawanda Chirewa,45,MID,Wolves,Everton,2023-12-30T15:00:00Z,True,Wolves
828,751,Justin Hubner,40,DEF,Wolves,Everton,2023-12-30T15:00:00Z,True,Wolves
829,769,Owen Hesketh,45,MID,Wolves,Brentford,2024-02-10T15:00:00Z,True,Wolves
830,770,Ty Barnett,45,MID,Wolves,Brentford,2024-02-10T15:00:00Z,True,Wolves
831,787,Harvey Griffiths,45,MID,Newcastle,Wolves,2024-03-02T15:00:00Z,False,Wolves
832,788,Yerson Mosquera,40,DEF,Newcastle,Wolves,2024-03-02T15:00:00Z,False,Wolves
833,800,Noha Lemina,50,MID,Wolves,Fulham,2024-03-09T15:00:00Z,True,Wolves
834,832,Wesley Okoduwa,40,DEF,Wolves,Arsenal,2024-04-20T18:30:00Z,True,Wolves
835,836,Leon Chiwome,45,FWD,Wolves,Bournemouth,2024-04-24T18:45:00Z,True,Wolves
